surah,ayah,page,word_count
1,1,1,4
1,2,1,4
1,3,1,2
1,4,1,3
1,5,1,4
1,6,1,3
1,7,1,9
2,1,2,1
2,2,2,7
2,3,2,8
2,4,2,12
2,5,2,8
2,6,3,11
2,7,3,12
2,8,3,11
2,9,3,10
2,10,3,12
2,11,3,11
2,12,3,7
2,13,3,19
2,14,3,16
2,15,3,7
2,16,3,11
2,17,4,17
2,18,4,6
2,19,4,19
2,20,4,25
2,21,4,11
2,22,4,23
2,23,4,20
2,24,4,13
2,25,5,34
2,26,5,39
2,27,5,20
2,28,5,13
2,29,5,19
2,30,6,28
2,31,6,15
2,32,6,12
2,33,6,22
2,34,6,13
2,35,6,18
2,36,6,19
2,37,6,11
2,38,7,17
2,39,7,10
2,40,7,13
2,41,7,18
2,42,7,8
2,43,7,7
2,44,7,10
2,45,7,8
2,46,7,8
2,47,7,11
2,48,7,19
2,49,8,18
2,50,8,10
2,51,8,12
2,52,8,8
2,53,8,7
2,54,8,26
2,55,8,14
2,56,8,7
2,57,8,18
2,58,9,20
2,59,9,18
2,60,9,28
2,61,9,59
2,62,10,24
2,63,10,15
2,64,10,13
2,65,10,12
2,66,10,9
2,67,10,20
2,68,10,23
2,69,10,18
2,70,11,17
2,71,11,24
2,72,11,10
2,73,11,11
2,74,11,37
2,75,11,19
2,76,11,23
2,77,12,9
2,78,12,11
2,79,12,24
2,80,12,23
2,81,12,13
2,82,12,10
2,83,12,29
2,84,13,15
2,85,13,49
2,86,13,13
2,87,13,28
2,88,13,10
2,89,14,26
2,90,14,27
2,91,14,30
2,92,14,11
2,93,14,27
2,94,15,17
2,95,15,9
2,96,15,25
2,97,15,18
2,98,15,12
2,99,15,10
2,100,15,10
2,101,15,22
2,102,16,74
2,103,16,12
2,104,16,12
2,105,16,25
2,106,17,19
2,107,17,17
2,108,17,18
2,109,17,33
2,110,17,17
2,111,17,18
2,112,17,17
2,113,18,31
2,114,18,30
2,115,18,12
2,116,18,14
2,117,18,11
2,118,18,24
2,119,18,10
2,120,19,31
2,121,19,15
2,122,19,11
2,123,19,18
2,124,19,19
2,125,19,22
2,126,19,30
2,127,20,14
2,128,20,17
2,129,20,16
2,130,20,18
2,131,20,9
2,132,20,16
2,133,20,27
2,134,20,15
2,135,21,15
2,136,21,31
2,137,21,19
2,138,21,10
2,139,21,14
2,140,21,30
2,141,21,15
2,142,22,21
2,143,22,45
2,144,22,34
2,145,22,32
2,146,23,14
2,147,23,7
2,148,23,19
2,149,23,17
2,150,23,31
2,151,23,17
2,152,23,6
2,153,23,10
2,154,24,13
2,155,24,12
2,156,24,10
2,157,24,9
2,158,24,24
2,159,24,20
2,160,24,11
2,161,24,13
2,162,24,9
2,163,24,9
2,164,25,43
2,165,25,31
2,166,25,12
2,167,25,23
2,168,25,16
2,169,25,11
2,170,26,22
2,171,26,18
2,172,26,14
2,173,26,25
2,174,26,29
2,175,26,11
2,176,26,14
2,177,27,51
2,178,27,37
2,179,27,8
2,180,27,16
2,181,27,13
2,182,28,16
2,183,28,14
2,184,28,32
2,185,28,44
2,186,28,17
2,187,29,65
2,188,29,17
2,189,29,27
2,190,29,13
2,191,30,25
2,192,30,6
2,193,30,15
2,194,30,22
2,195,30,14
2,196,30,73
2,197,31,29
2,198,31,26
2,199,31,12
2,200,31,24
2,201,31,14
2,202,31,8
2,203,32,25
2,204,32,17
2,205,32,14
2,206,32,12
2,207,32,11
2,208,32,15
2,209,32,12
2,210,32,17
2,211,33,20
2,212,33,20
2,213,33,49
2,214,33,30
2,215,33,22
2,216,34,25
2,217,34,57
2,218,34,16
2,219,34,26
2,220,35,26
2,221,35,39
2,222,35,27
2,223,35,16
2,224,35,14
2,225,36,14
2,226,36,13
2,227,36,7
2,228,36,40
2,229,36,46
2,230,36,30
2,231,37,45
2,232,37,33
2,233,37,64
2,234,38,25
2,235,38,47
2,236,38,25
2,237,38,35
2,238,39,8
2,239,39,15
2,240,39,27
2,241,39,6
2,242,39,7
2,243,39,28
2,244,39,9
2,245,39,16
2,246,40,54
2,247,40,43
2,248,40,30
2,249,41,60
2,250,41,15
2,251,41,27
2,252,41,9
2,253,42,52
2,254,42,21
2,255,42,50
2,256,42,24
2,257,43,24
2,258,43,43
2,259,43,67
2,260,44,39
2,261,44,24
2,262,44,24
2,263,44,11
2,264,44,38
2,265,45,27
2,266,45,35
2,267,45,29
2,268,45,13
2,269,45,16
2,270,46,15
2,271,46,20
2,272,46,28
2,273,46,30
2,274,46,17
2,275,47,45
2,276,47,11
2,277,47,19
2,278,47,13
2,279,47,17
2,280,47,14
2,281,47,15
2,282,48,128
2,283,49,32
2,284,49,28
2,285,49,27
2,286,49,49
3,1,50,1
3,2,50,7
3,3,50,11
3,4,50,18
3,5,50,11
3,6,50,13
3,7,50,46
3,8,50,15
3,9,50,13
3,10,51,16
3,11,51,14
3,12,51,9
3,13,51,29
3,14,51,24
3,15,51,24
3,16,52,11
3,17,52,6
3,18,52,18
3,19,52,26
3,20,52,26
3,21,52,18
3,22,52,11
3,23,53,20
3,24,53,15
3,25,53,15
3,26,53,25
3,27,53,21
3,28,53,27
3,29,53,22
3,30,54,26
3,31,54,14
3,32,54,11
3,33,54,11
3,34,54,7
3,35,54,18
3,36,54,24
3,37,54,34
3,38,55,15
3,39,55,20
3,40,55,17
3,41,55,20
3,42,55,12
3,43,55,7
3,44,55,20
3,45,55,20
3,46,56,7
3,47,56,23
3,48,56,5
3,49,56,45
3,50,56,19
3,51,56,8
3,52,56,20
3,53,57,9
3,54,57,6
3,55,57,30
3,56,57,13
3,57,57,11
3,58,57,7
3,59,57,15
3,60,57,7
3,61,57,25
3,62,58,15
3,63,58,6
3,64,58,31
3,65,58,15
3,66,58,19
3,67,58,14
3,68,58,13
3,69,58,13
3,70,58,8
3,71,59,10
3,72,59,17
3,73,59,32
3,74,59,8
3,75,59,36
3,76,59,9
3,77,59,27
3,78,60,29
3,79,60,28
3,80,60,13
3,81,60,33
3,82,60,7
3,83,60,14
3,84,61,29
3,85,61,13
3,86,61,18
3,87,61,9
3,88,61,9
3,89,61,11
3,90,61,14
3,91,61,24
3,92,62,15
3,93,62,24
3,94,62,11
3,95,62,11
3,96,62,10
3,97,62,25
3,98,62,12
3,99,62,19
3,100,62,14
3,101,63,17
3,102,63,12
3,103,63,34
3,104,63,14
3,105,63,14
3,106,63,17
3,107,63,10
3,108,63,11
3,109,64,11
3,110,64,23
3,111,64,11
3,112,64,35
3,113,64,14
3,114,64,15
3,115,64,9
3,116,65,18
3,117,65,23
3,118,65,30
3,119,65,27
3,120,65,21
3,121,65,11
3,122,66,12
3,123,66,10
3,124,66,13
3,125,66,15
3,126,66,17
3,127,66,9
3,128,66,12
3,129,66,16
3,130,66,12
3,131,66,5
3,132,66,5
3,133,67,11
3,134,67,13
3,135,67,23
3,136,67,15
3,137,67,13
3,138,67,6
3,139,67,9
3,140,67,24
3,141,68,6
3,142,68,13
3,143,68,12
3,144,68,27
3,145,68,24
3,146,68,21
3,147,68,19
3,148,68,10
3,149,69,12
3,150,69,6
3,151,69,19
3,152,69,40
3,153,69,25
3,154,70,75
3,155,70,21
3,156,70,36
3,157,70,14
3,158,71,7
3,159,71,30
3,160,71,18
3,161,71,21
3,162,71,13
3,163,71,8
3,164,71,25
3,165,71,20
3,166,72,9
3,167,72,33
3,168,72,16
3,169,72,13
3,170,72,19
3,171,72,11
3,172,72,15
3,173,72,17
3,174,73,15
3,175,73,11
3,176,73,22
3,177,73,12
3,178,73,17
3,179,73,36
3,180,73,30
3,181,74,22
3,182,74,9
3,183,74,28
3,184,74,12
3,185,74,23
3,186,74,24
3,187,75,21
3,188,75,20
3,189,75,9
3,190,75,11
3,191,75,21
3,192,75,11
3,193,75,20
3,194,75,14
3,195,76,43
3,196,76,7
3,197,76,7
3,198,76,21
3,199,76,30
3,200,76,10
4,1,77,28
4,2,77,16
4,3,77,28
4,4,77,14
4,5,77,16
4,6,77,37
4,7,78,19
4,8,78,13
4,9,78,15
4,10,78,13
4,11,78,71
4,12,79,88
4,13,79,18
4,14,79,13
4,15,80,22
4,16,80,14
4,17,80,20
4,18,80,24
4,19,80,34
4,20,81,17
4,21,81,11
4,22,81,17
4,23,81,54
4,24,82,42
4,25,82,58
4,26,82,14
4,27,83,13
4,28,83,8
4,29,83,23
4,30,83,13
4,31,83,12
4,32,83,27
4,33,83,19
4,34,84,40
4,35,84,22
4,36,84,32
4,37,84,15
4,38,85,18
4,39,85,15
4,40,85,15
4,41,85,12
4,42,85,14
4,43,85,48
4,44,85,14
4,45,86,9
4,46,86,38
4,47,86,28
4,48,86,20
4,49,86,14
4,50,86,10
4,51,86,20
4,52,87,11
4,53,87,10
4,54,87,18
4,55,87,11
4,56,87,20
4,57,87,20
4,58,87,25
4,59,87,28
4,60,88,30
4,61,88,15
4,62,88,16
4,63,88,16
4,64,88,23
4,65,88,19
4,66,89,27
4,67,89,6
4,68,89,3
4,69,89,18
4,70,89,7
4,71,89,10
4,72,89,17
4,73,89,18
4,74,89,21
4,75,90,31
4,76,90,20
4,77,90,48
4,78,90,36
4,79,90,18
4,80,91,12
4,81,91,24
4,82,91,13
4,83,91,30
4,84,91,22
4,85,91,22
4,86,91,15
4,87,92,17
4,88,92,22
4,89,92,28
4,90,92,36
4,91,92,32
4,92,93,60
4,93,93,16
4,94,93,39
4,95,94,33
4,96,94,8
4,97,94,27
4,98,94,12
4,99,94,10
4,100,94,31
4,101,94,23
4,102,95,62
4,103,95,20
4,104,95,22
4,105,95,15
4,106,96,7
4,107,96,14
4,108,96,21
4,109,96,18
4,110,96,13
4,111,96,11
4,112,96,14
4,113,96,33
4,114,97,26
4,115,97,20
4,116,97,20
4,117,97,11
4,118,97,8
4,119,97,21
4,120,97,7
4,121,97,7
4,122,98,21
4,123,98,20
4,124,98,16
4,125,98,17
4,126,98,12
4,127,98,40
4,128,99,29
4,129,99,22
4,130,99,11
4,131,99,32
4,132,99,10
4,133,99,12
4,134,99,14
4,135,100,37
4,136,100,28
4,137,100,20
4,138,100,6
4,139,100,14
4,140,100,33
4,141,101,36
4,142,101,19
4,143,101,16
4,144,101,17
4,145,101,11
4,146,101,18
4,147,101,11
4,148,102,14
4,149,102,14
4,150,102,22
4,151,102,8
4,152,102,17
4,153,102,37
4,154,102,19
4,155,103,22
4,156,103,6
4,157,103,34
4,158,103,8
4,159,103,14
4,160,103,14
4,161,103,14
4,162,103,26
4,163,104,25
4,164,104,14
4,165,104,15
4,166,104,13
4,167,104,11
4,168,104,12
4,169,104,11
4,170,104,23
4,171,105,53
4,172,105,18
4,173,105,26
4,174,105,11
4,175,105,15
4,176,106,50
5,1,106,23
5,2,106,52
5,3,107,61
5,4,107,31
5,5,107,43
5,6,108,61
5,7,108,19
5,8,108,26
5,9,108,10
5,10,109,7
5,11,109,23
5,12,109,45
5,13,109,32
5,14,110,25
5,15,110,23
5,16,110,18
5,17,110,42
5,18,111,30
5,19,111,28
5,20,111,22
5,21,111,14
5,22,111,17
5,23,111,21
5,24,112,16
5,25,112,13
5,26,112,14
5,27,112,24
5,28,112,16
5,29,112,13
5,30,112,9
5,31,112,25
5,32,113,40
5,33,113,34
5,34,113,13
5,35,113,13
5,36,113,24
5,37,114,12
5,38,114,13
5,39,114,14
5,40,114,19
5,41,114,67
5,42,115,26
5,43,115,15
5,44,115,41
5,45,115,31
5,46,116,26
5,47,116,16
5,48,116,51
5,49,116,33
5,50,116,10
5,51,117,22
5,52,117,28
5,53,117,15
5,54,117,37
5,55,117,13
5,56,117,11
5,57,117,23
5,58,118,12
5,59,118,20
5,60,118,27
5,61,118,16
5,62,118,13
5,63,118,13
5,64,118,47
5,65,119,12
5,66,119,24
5,67,119,24
5,68,119,30
5,69,119,20
5,70,119,19
5,71,120,19
5,72,120,33
5,73,120,25
5,74,120,8
5,75,120,25
5,76,120,16
5,77,121,23
5,78,121,17
5,79,121,10
5,80,121,19
5,81,121,15
5,82,121,26
5,83,122,21
5,84,122,16
5,85,122,14
5,86,122,7
5,87,122,17
5,88,122,12
5,89,122,45
5,90,123,15
5,91,123,20
5,92,123,13
5,93,123,24
5,94,123,23
5,95,123,50
5,96,124,20
5,97,124,27
5,98,124,9
5,99,124,11
5,100,124,15
5,101,124,25
5,102,124,9
5,103,124,21
5,104,125,24
5,105,125,19
5,106,125,51
5,107,125,26
5,108,125,22
5,109,126,15
5,110,126,63
5,111,126,13
5,112,126,21
5,113,126,15
5,114,127,22
5,115,127,17
5,116,127,44
5,117,127,29
5,118,127,11
5,119,127,24
5,120,127,11
6,1,128,14
6,2,128,14
6,3,128,12
6,4,128,11
6,5,128,12
6,6,128,31
6,7,128,16
6,8,128,13
6,9,129,9
6,10,129,13
6,11,129,10
6,12,129,25
6,13,129,9
6,14,129,24
6,15,129,9
6,16,129,9
6,17,129,17
6,18,129,7
6,19,130,37
6,20,130,13
6,21,130,14
6,22,130,12
6,23,130,12
6,24,130,10
6,25,130,32
6,26,130,11
6,27,130,16
6,28,131,16
6,29,131,9
6,30,131,19
6,31,131,26
6,32,131,13
6,33,131,14
6,34,131,22
6,35,131,28
6,36,132,10
6,37,132,19
6,38,132,22
6,39,132,17
6,40,132,15
6,41,132,12
6,42,132,11
6,43,132,14
6,44,132,20
6,45,133,9
6,46,133,23
6,47,133,14
6,48,133,15
6,49,133,8
6,50,133,28
6,51,133,17
6,52,133,25
6,53,134,15
6,54,134,27
6,55,134,6
6,56,134,21
6,57,134,22
6,58,134,14
6,59,134,31
6,60,135,22
6,61,135,17
6,62,135,12
6,63,135,17
6,64,135,10
6,65,135,27
6,66,135,9
6,67,135,5
6,68,135,23
6,69,136,12
6,70,136,45
6,71,136,39
6,72,136,8
6,73,136,24
6,74,137,14
6,75,137,9
6,76,137,15
6,77,137,18
6,78,137,17
6,79,137,12
6,80,137,25
6,81,137,22
6,82,138,11
6,83,138,14
6,84,138,21
6,85,138,7
6,86,138,8
6,87,138,9
6,88,138,16
6,89,138,17
6,90,138,16
6,91,139,44
6,92,139,22
6,93,139,49
6,94,139,29
6,95,140,17
6,96,140,12
6,97,140,16
6,98,140,13
6,99,140,44
6,100,140,15
6,101,140,18
6,102,141,16
6,103,141,9
6,104,141,15
6,105,141,8
6,106,141,13
6,107,141,13
6,108,141,25
6,109,141,21
6,110,141,13
6,111,142,22
6,112,142,23
6,113,142,12
6,114,142,23
6,115,142,11
6,116,142,18
6,117,142,11
6,118,142,10
6,119,143,30
6,120,143,12
6,121,143,20
6,122,143,24
6,123,143,15
6,124,143,29
6,125,144,28
6,126,144,9
6,127,144,10
6,128,144,35
6,129,144,8
6,130,144,27
6,131,144,10
6,132,145,9
6,133,145,18
6,134,145,7
6,135,145,18
6,136,145,31
6,137,145,20
6,138,146,26
6,139,146,22
6,140,146,20
6,141,146,31
6,142,146,16
6,143,147,23
6,144,147,40
6,145,147,39
6,146,147,28
6,147,148,13
6,148,148,37
6,149,148,8
6,150,148,27
6,151,148,42
6,152,149,35
6,153,149,17
6,154,149,17
6,155,149,8
6,156,149,14
6,157,149,35
6,158,150,37
6,159,150,19
6,160,150,16
6,161,150,16
6,162,150,9
6,163,150,8
6,164,150,29
6,165,150,21
7,1,151,1
7,2,151,13
7,3,151,14
7,4,151,10
7,5,151,12
7,6,151,6
7,7,151,6
7,8,151,9
7,9,151,11
7,10,151,11
7,11,151,16
7,12,152,17
7,13,152,13
7,14,152,5
7,15,152,4
7,16,152,7
7,17,152,15
7,18,152,12
7,19,152,16
7,20,152,25
7,21,152,5
7,22,152,28
7,23,153,12
7,24,153,12
7,25,153,7
7,26,153,19
7,27,153,30
7,28,153,22
7,29,153,16
7,30,153,16
7,31,154,15
7,32,154,26
7,33,154,29
7,34,154,11
7,35,154,18
7,36,154,11
7,37,154,37
7,38,155,40
7,39,155,14
7,40,155,23
7,41,155,10
7,42,155,15
7,43,155,36
7,44,156,28
7,45,156,10
7,46,156,18
7,47,156,13
7,48,156,14
7,49,156,15
7,50,156,20
7,51,156,19
7,52,157,10
7,53,157,38
7,54,157,32
7,55,157,8
7,56,157,15
7,57,157,29
7,58,158,17
7,59,158,20
7,60,158,9
7,61,158,10
7,62,158,11
7,63,158,13
7,64,158,14
7,65,158,15
7,66,158,14
7,67,158,10
7,68,159,7
7,69,159,27
7,70,159,17
7,71,159,25
7,72,159,13
7,73,159,34
7,74,160,25
7,75,160,23
7,76,160,8
7,77,160,15
7,78,160,6
7,79,160,14
7,80,160,13
7,81,160,11
7,82,161,13
7,83,161,7
7,84,161,8
7,85,161,37
7,86,161,24
7,87,161,19
7,88,162,21
7,89,162,42
7,90,162,12
7,91,162,6
7,92,162,13
7,93,162,15
7,94,162,13
7,95,162,18
7,96,163,18
7,97,163,9
7,98,163,9
7,99,163,10
7,100,163,19
7,101,163,23
7,102,163,9
7,103,163,16
7,104,163,8
7,105,164,18
7,106,164,11
7,107,164,6
7,108,164,6
7,109,164,9
7,110,164,7
7,111,164,7
7,112,164,4
7,113,164,11
7,114,164,5
7,115,164,10
7,116,164,11
7,117,164,11
7,118,164,6
7,119,164,4
7,120,164,3
7,121,165,4
7,122,165,3
7,123,165,19
7,124,165,8
7,125,165,5
7,126,165,16
7,127,165,21
7,128,165,16
7,129,165,22
7,130,165,10
7,131,166,22
7,132,166,12
7,133,166,13
7,134,166,22
7,135,166,11
7,136,166,11
7,137,166,29
7,138,167,23
7,139,167,10
7,140,167,9
7,141,167,18
7,142,167,23
7,143,167,41
7,144,168,14
7,145,168,20
7,146,168,36
7,147,168,13
7,148,168,22
7,149,168,18
7,150,169,39
7,151,169,11
7,152,169,15
7,153,169,14
7,154,169,15
7,155,169,41
7,156,170,30
7,157,170,43
7,158,170,31
7,159,170,8
7,160,171,43
7,161,171,20
7,162,171,17
7,163,171,27
7,164,172,19
7,165,172,18
7,166,172,11
7,167,172,19
7,168,172,14
7,169,172,40
7,170,172,10
7,171,173,19
7,172,173,26
7,173,173,15
7,174,173,5
7,175,173,13
7,176,173,30
7,177,173,9
7,178,173,10
7,179,174,30
7,180,174,14
7,181,174,7
7,182,174,8
7,183,174,5
7,184,174,11
7,185,174,22
7,186,174,10
7,187,174,37
7,188,175,28
7,189,175,29
7,190,175,12
7,191,175,7
7,192,175,7
7,193,175,12
7,194,175,14
7,195,175,26
7,196,176,9
7,197,176,10
7,198,176,12
7,199,176,7
7,200,176,10
7,201,176,12
7,202,176,7
7,203,176,23
7,204,176,8
7,205,176,16
7,206,176,11
8,1,177,18
8,2,177,17
8,3,177,6
8,4,177,11
8,5,177,11
8,6,177,11
8,7,177,23
8,8,177,7
8,9,178,11
8,10,178,18
8,11,178,22
8,12,178,23
8,13,178,13
8,14,178,6
8,15,178,11
8,16,178,20
8,17,179,21
8,18,179,6
8,19,179,24
8,20,179,11
8,21,179,8
8,22,179,10
8,23,179,11
8,24,179,20
8,25,179,13
8,26,180,19
8,27,180,11
8,28,180,10
8,29,180,18
8,30,180,16
8,31,180,17
8,32,180,19
8,33,180,12
8,34,181,21
8,35,181,13
8,36,181,21
8,37,181,18
8,38,181,16
8,39,181,16
8,40,181,10
8,41,182,33
8,42,182,35
8,43,182,20
8,44,182,19
8,45,182,12
8,46,183,13
8,47,183,17
8,48,183,36
8,49,183,18
8,50,183,13
8,51,183,9
8,52,183,17
8,53,184,18
8,54,184,17
8,55,184,10
8,56,184,12
8,57,184,10
8,58,184,14
8,59,184,8
8,60,184,33
8,61,184,12
8,62,185,12
8,63,185,20
8,64,185,8
8,65,185,26
8,66,185,26
8,67,185,20
8,68,185,10
8,69,185,11
8,70,186,24
8,71,186,13
8,72,186,45
8,73,186,13
8,74,186,18
8,75,186,22
9,1,187,9
9,2,187,14
9,3,187,32
9,4,187,22
9,5,187,26
9,6,187,18
9,7,188,23
9,8,188,16
9,9,188,13
9,10,188,10
9,11,188,13
9,12,188,18
9,13,188,20
9,14,189,11
9,15,189,11
9,16,189,24
9,17,189,18
9,18,189,23
9,19,189,24
9,20,189,16
9,21,190,10
9,22,190,8
9,23,190,19
9,24,190,33
9,25,190,23
9,26,190,18
9,27,191,12
9,28,191,27
9,29,191,29
9,30,191,23
9,31,191,23
9,32,192,15
9,33,192,14
9,34,192,28
9,35,192,19
9,36,192,36
9,37,193,31
9,38,193,28
9,39,193,16
9,40,193,43
9,41,194,15
9,42,194,23
9,43,194,13
9,44,194,14
9,45,194,14
9,46,194,15
9,47,194,17
9,48,195,16
9,49,195,15
9,50,195,16
9,51,195,14
9,52,195,22
9,53,195,12
9,54,195,22
9,55,196,17
9,56,196,10
9,57,196,11
9,58,196,16
9,59,196,19
9,60,196,22
9,61,196,26
9,62,197,12
9,63,197,16
9,64,197,17
9,65,197,13
9,66,197,16
9,67,197,19
9,68,197,16
9,69,198,32
9,70,198,26
9,71,198,24
9,72,198,24
9,73,199,11
9,74,199,46
9,75,199,12
9,76,199,9
9,77,199,15
9,78,199,11
9,79,199,20
9,80,200,25
9,81,200,27
9,82,200,8
9,83,200,25
9,84,200,18
9,85,200,16
9,86,200,18
9,87,201,11
9,88,201,14
9,89,201,13
9,90,201,17
9,91,201,26
9,92,201,23
9,93,201,19
9,94,202,30
9,95,202,18
9,96,202,14
9,97,202,16
9,98,202,16
9,99,202,27
9,100,203,25
9,101,203,22
9,102,203,17
9,103,203,16
9,104,203,16
9,105,203,16
9,106,203,12
9,107,204,24
9,108,204,23
9,109,204,27
9,110,204,15
9,111,204,37
9,112,205,16
9,113,205,20
9,114,205,22
9,115,205,18
9,116,205,17
9,117,205,27
9,118,206,31
9,119,206,8
9,120,206,52
9,121,206,18
9,122,206,22
9,123,207,16
9,124,207,18
9,125,207,12
9,126,207,16
9,127,207,21
9,128,207,14
9,129,207,15
10,1,208,5
10,2,208,26
10,3,208,29
10,4,208,28
10,5,208,23
10,6,208,14
10,7,209,15
10,8,209,6
10,9,209,15
10,10,209,14
10,11,209,18
10,12,209,27
10,13,209,17
10,14,209,10
10,15,210,39
10,16,210,18
10,17,210,14
10,18,210,29
10,19,210,17
10,20,210,16
10,21,211,22
10,22,211,41
10,23,211,25
10,24,211,43
10,25,211,11
10,26,212,16
10,27,212,27
10,28,212,18
10,29,212,10
10,30,212,16
10,31,212,27
10,32,212,11
10,33,212,10
10,34,213,17
10,35,213,29
10,36,213,17
10,37,213,22
10,38,213,16
10,39,213,19
10,40,213,12
10,41,213,15
10,42,213,11
10,43,214,11
10,44,214,10
10,45,214,20
10,46,214,15
10,47,214,12
10,48,214,7
10,49,214,22
10,50,214,12
10,51,214,11
10,52,214,13
10,53,214,11
10,54,215,21
10,55,215,16
10,56,215,5
10,57,215,14
10,58,215,10
10,59,215,20
10,60,215,19
10,61,215,42
10,62,216,10
10,63,216,4
10,64,216,15
10,65,216,10
10,66,216,25
10,67,216,15
10,68,216,25
10,69,216,9
10,70,216,13
10,71,217,33
10,72,217,16
10,73,217,17
10,74,217,22
10,75,217,14
10,76,217,10
10,77,217,11
10,78,217,16
10,79,218,6
10,80,218,10
10,81,218,17
10,82,218,7
10,83,218,22
10,84,218,12
10,85,218,10
10,86,218,5
10,87,218,16
10,88,218,29
10,89,219,11
10,90,219,27
10,91,219,7
10,92,219,14
10,93,219,24
10,94,219,22
10,95,219,10
10,96,219,8
10,97,219,8
10,98,220,21
10,99,220,15
10,100,220,14
10,101,220,14
10,102,220,15
10,103,220,10
10,104,220,26
10,105,220,9
10,106,220,16
10,107,221,24
10,108,221,22
10,109,221,11
11,1,221,10
11,2,221,9
11,3,221,25
11,4,221,8
11,5,221,19
11,6,222,16
11,7,222,31
11,8,222,22
11,9,222,11
11,10,222,13
11,11,222,10
11,12,222,27
11,13,223,18
11,14,223,16
11,15,223,14
11,16,223,16
11,17,223,39
11,18,223,23
11,19,223,11
11,20,224,24
11,21,224,9
11,22,224,7
11,23,224,14
11,24,224,11
11,25,224,9
11,26,224,11
11,27,224,29
11,28,224,19
11,29,225,22
11,30,225,9
11,31,225,31
11,32,225,13
11,33,225,10
11,34,225,18
11,35,225,12
11,36,225,17
11,37,225,11
11,38,226,19
11,39,226,10
11,40,226,26
11,41,226,11
11,42,226,19
11,43,226,23
11,44,226,17
11,45,226,15
11,46,227,23
11,47,227,19
11,48,227,18
11,49,227,19
11,50,227,17
11,51,227,13
11,52,227,17
11,53,227,15
11,54,228,16
11,55,228,7
11,56,228,18
11,57,228,21
11,58,228,14
11,59,228,12
11,60,228,17
11,61,228,27
11,62,228,21
11,63,229,22
11,64,229,17
11,65,229,11
11,66,229,18
11,67,229,8
11,68,229,12
11,69,229,15
11,70,229,18
11,71,229,9
11,72,230,12
11,73,230,14
11,74,230,11
11,75,230,5
11,76,230,14
11,77,230,13
11,78,230,26
11,79,230,13
11,80,230,11
11,81,230,29
11,82,231,12
11,83,231,8
11,84,231,26
11,85,231,14
11,86,231,11
11,87,231,20
11,88,231,35
11,89,232,22
11,90,232,9
11,91,232,18
11,92,232,15
11,93,232,19
11,94,232,18
11,95,232,10
11,96,232,6
11,97,232,10
11,98,233,9
11,99,233,9
11,100,233,9
11,101,233,24
11,102,233,12
11,103,233,16
11,104,233,5
11,105,233,10
11,106,233,9
11,107,233,15
11,108,233,18
11,109,234,20
11,110,234,18
11,111,234,10
11,112,234,12
11,113,234,17
11,114,234,14
11,115,234,7
11,116,234,26
11,117,234,8
11,118,235,10
11,119,235,15
11,120,235,17
11,121,235,9
11,122,235,3
11,123,235,16
12,1,235,5
12,2,235,6
12,3,235,16
12,4,235,15
12,5,236,15
12,6,236,25
12,7,236,7
12,8,236,15
12,9,236,14
12,10,236,16
12,11,236,11
12,12,236,8
12,13,236,13
12,14,236,9
12,15,237,17
12,16,237,4
12,17,237,18
12,18,237,18
12,19,237,16
12,20,237,9
12,21,237,32
12,22,237,9
12,23,238,23
12,24,238,19
12,25,238,23
12,26,238,19
12,27,238,10
12,28,238,13
12,29,238,10
12,30,238,18
12,31,239,32
12,32,239,19
12,33,239,17
12,34,239,10
12,35,239,11
12,36,239,27
12,37,239,26
12,38,240,26
12,39,240,9
12,40,240,32
12,41,240,19
12,42,240,18
12,43,240,24
12,44,241,8
12,45,241,11
12,46,241,22
12,47,241,14
12,48,241,15
12,49,241,11
12,50,241,22
12,51,241,29
12,52,241,12
12,53,242,15
12,54,242,14
12,55,242,8
12,56,242,17
12,57,242,7
12,58,242,9
12,59,242,17
12,60,242,10
12,61,242,6
12,62,242,14
12,63,242,16
12,64,243,17
12,65,243,25
12,66,243,24
12,67,243,27
12,68,243,30
12,69,243,16
12,70,244,15
12,71,244,5
12,72,244,12
12,73,244,12
12,74,244,6
12,75,244,11
12,76,244,33
12,77,244,24
12,78,244,15
12,79,245,13
12,80,245,37
12,81,245,17
12,82,245,11
12,83,245,18
12,84,245,12
12,85,245,12
12,86,245,13
12,87,246,20
12,88,246,21
12,89,246,10
12,90,246,23
12,91,246,9
12,92,246,11
12,93,246,12
12,94,246,12
12,95,246,6
12,96,247,20
12,97,247,8
12,98,247,9
12,99,247,14
12,100,247,46
12,101,247,21
12,102,247,14
12,103,247,6
12,104,248,10
12,105,248,11
12,106,248,7
12,107,248,14
12,108,248,17
12,109,248,29
12,110,248,19
12,111,248,23
13,1,249,15
13,2,249,26
13,3,249,24
13,4,249,27
13,5,249,25
13,6,250,20
13,7,250,15
13,8,250,15
13,9,250,5
13,10,250,14
13,11,250,35
13,12,250,9
13,13,250,19
13,14,251,27
13,15,251,11
13,16,251,45
13,17,251,42
13,18,251,27
13,19,252,15
13,20,252,7
13,21,252,13
13,22,252,19
13,23,252,15
13,24,252,7
13,25,252,23
13,26,252,16
13,27,252,19
13,28,252,11
13,29,253,8
13,30,253,28
13,31,253,51
13,32,253,13
13,33,253,39
13,34,253,14
13,35,254,19
13,36,254,25
13,37,254,19
13,38,254,21
13,39,254,8
13,40,254,13
13,41,254,16
13,42,254,18
13,43,255,15
14,1,255,16
14,2,255,14
14,3,255,16
14,4,255,19
14,5,255,21
14,6,256,26
14,7,256,11
14,8,256,13
14,9,256,37
14,10,256,33
14,11,257,29
14,12,257,17
14,13,257,16
14,14,257,10
14,15,257,5
14,16,257,7
14,17,257,16
14,18,257,22
14,19,258,14
14,20,258,5
14,21,258,34
14,22,258,44
14,23,258,17
14,24,258,15
14,25,259,12
14,26,259,13
14,27,259,18
14,28,259,12
14,29,259,4
14,30,259,12
14,31,259,21
14,32,259,25
14,33,259,9
14,34,260,15
14,35,260,13
14,36,260,15
14,37,260,26
14,38,260,18
14,39,260,13
14,40,260,9
14,41,260,8
14,42,260,13
14,43,261,9
14,44,261,26
14,45,261,14
14,46,261,12
14,47,261,11
14,48,261,10
14,49,261,6
14,50,261,6
14,51,261,10
14,52,261,13
15,1,262,6
15,2,262,7
15,3,262,7
15,4,262,8
15,5,262,7
15,6,262,8
15,7,262,8
15,8,262,9
15,9,262,7
15,10,262,7
15,11,262,8
15,12,262,5
15,13,262,7
15,14,262,9
15,15,262,8
15,16,263,7
15,17,263,5
15,18,263,7
15,19,263,11
15,20,263,8
15,21,263,11
15,22,263,12
15,23,263,6
15,24,263,7
15,25,263,7
15,26,263,8
15,27,263,7
15,28,263,12
15,29,263,9
15,30,263,4
15,31,263,7
15,32,264,8
15,33,264,11
15,34,264,5
15,35,264,6
15,36,264,6
15,37,264,4
15,38,264,4
15,39,264,10
15,40,264,4
15,41,264,5
15,42,264,11
15,43,264,4
15,44,264,8
15,45,264,5
15,46,264,3
15,47,264,10
15,48,264,8
15,49,264,6
15,50,264,5
15,51,264,4
15,52,265,9
15,53,265,7
15,54,265,8
15,55,265,7
15,56,265,8
15,57,265,5
15,58,265,6
15,59,265,6
15,60,265,6
15,61,265,5
15,62,265,4
15,63,265,7
15,64,265,4
15,65,265,14
15,66,265,9
15,67,265,4
15,68,265,6
15,69,265,4
15,70,265,5
15,71,266,6
15,72,266,5
15,73,266,3
15,74,266,8
15,75,266,5
15,76,266,3
15,77,266,5
15,78,266,5
15,79,266,5
15,80,266,5
15,81,266,5
15,82,266,6
15,83,266,3
15,84,266,6
15,85,266,14
15,86,266,5
15,87,266,7
15,88,266,15
15,89,266,5
15,90,266,4
15,91,267,4
15,92,267,3
15,93,267,3
15,94,267,6
15,95,267,3
15,96,267,8
15,97,267,7
15,98,267,6
15,99,267,5
16,1,267,9
16,2,267,18
16,3,267,7
16,4,267,8
16,5,267,8
16,6,267,7
16,7,268,14
16,8,268,9
16,9,268,10
16,10,268,13
16,11,268,16
16,12,268,15
16,13,268,13
16,14,268,21
16,15,269,11
16,16,269,4
16,17,269,7
16,18,269,10
16,19,269,6
16,20,269,10
16,21,269,7
16,22,269,11
16,23,269,13
16,24,269,9
16,25,269,15
16,26,269,21
16,27,270,21
16,28,270,19
16,29,270,8
16,30,270,20
16,31,270,15
16,32,270,12
16,33,270,22
16,34,270,10
16,35,271,32
16,36,271,28
16,37,271,14
16,38,271,18
16,39,271,11
16,40,271,10
16,41,271,18
16,42,271,5
16,43,272,15
16,44,272,12
16,45,272,16
16,46,272,7
16,47,272,8
16,48,272,17
16,49,272,14
16,50,272,7
16,51,272,12
16,52,272,11
16,53,272,12
16,54,272,10
16,55,273,6
16,56,273,12
16,57,273,7
16,58,273,9
16,59,273,19
16,60,273,12
16,61,273,23
16,62,273,17
16,63,273,17
16,64,273,14
16,65,274,16
16,66,274,17
16,67,274,15
16,68,274,13
16,69,274,24
16,70,274,20
16,71,274,22
16,72,274,21
16,73,275,15
16,74,275,10
16,75,275,27
16,76,275,29
16,77,275,19
16,78,275,15
16,79,275,18
16,80,276,25
16,81,276,25
16,82,276,6
16,83,276,7
16,84,276,14
16,85,276,11
16,86,276,19
16,87,276,10
16,88,277,13
16,89,277,24
16,90,277,16
16,91,277,20
16,92,277,32
16,93,277,17
16,94,278,19
16,95,278,15
16,96,278,15
16,97,278,18
16,98,278,8
16,99,278,10
16,100,278,9
16,101,278,17
16,102,278,13
16,103,279,16
16,104,279,12
16,105,279,11
16,106,279,24
16,107,279,13
16,108,279,11
16,109,279,7
16,110,279,18
16,111,280,15
16,112,280,24
16,113,280,9
16,114,280,13
16,115,280,22
16,116,280,22
16,117,280,5
16,118,280,15
16,119,281,19
16,120,281,11
16,121,281,7
16,122,281,9
16,123,281,12
16,124,281,17
16,125,281,22
16,126,281,12
16,127,281,14
16,128,281,8
17,1,282,21
17,2,282,12
17,3,282,9
17,4,282,13
17,5,282,17
17,6,282,11
17,7,282,23
17,8,283,11
17,9,283,16
17,10,283,9
17,11,283,8
17,12,283,23
17,13,283,13
17,14,283,7
17,15,283,21
17,16,283,14
17,17,283,13
17,18,284,18
17,19,284,12
17,20,284,12
17,21,284,11
17,22,284,9
17,23,284,25
17,24,284,12
17,25,284,12
17,26,284,10
17,27,284,9
17,28,285,12
17,29,285,13
17,30,285,12
17,31,285,13
17,32,285,8
17,33,285,22
17,34,285,17
17,35,285,11
17,36,285,16
17,37,285,13
17,38,285,7
17,39,286,18
17,40,286,11
17,41,286,10
17,42,286,13
17,43,286,6
17,44,286,21
17,45,286,12
17,46,286,19
17,47,286,19
17,48,286,9
17,49,286,9
17,50,287,5
17,51,287,25
17,52,287,9
17,53,287,16
17,54,287,14
17,55,287,15
17,56,287,13
17,57,287,18
17,58,287,18
17,59,288,21
17,60,288,25
17,61,288,13
17,62,288,15
17,63,288,10
17,64,288,19
17,65,288,9
17,66,288,14
17,67,289,18
17,68,289,15
17,69,289,22
17,70,289,17
17,71,289,15
17,72,289,11
17,73,289,13
17,74,289,9
17,75,289,12
17,76,290,13
17,77,290,11
17,78,290,14
17,79,290,12
17,80,290,14
17,81,290,9
17,82,290,13
17,83,290,12
17,84,290,11
17,85,290,14
17,86,290,13
17,87,291,9
17,88,291,19
17,89,291,14
17,90,291,10
17,91,291,11
17,92,291,12
17,93,291,26
17,94,291,15
17,95,291,14
17,96,291,11
17,97,292,27
17,98,292,14
17,99,292,23
17,100,292,14
17,101,292,18
17,102,292,15
17,103,292,9
17,104,292,14
17,105,293,9
17,106,293,9
17,107,293,18
17,108,293,8
17,109,293,5
17,110,293,22
17,111,293,21
18,1,293,11
18,2,293,15
18,3,293,3
18,4,293,6
18,5,294,16
18,6,294,11
18,7,294,11
18,8,294,6
18,9,294,10
18,10,294,16
18,11,294,7
18,12,294,9
18,13,294,11
18,14,294,19
18,15,294,18
18,16,295,19
18,17,295,34
18,18,295,22
18,19,295,38
18,20,295,13
18,21,296,32
18,22,296,33
18,23,296,7
18,24,296,17
18,25,296,8
18,26,296,23
18,27,296,15
18,28,297,30
18,29,297,28
18,30,297,12
18,31,297,28
18,32,297,14
18,33,297,11
18,34,297,13
18,35,298,12
18,36,298,12
18,37,298,16
18,38,298,8
18,39,298,19
18,40,298,15
18,41,298,8
18,42,298,19
18,43,298,11
18,44,298,9
18,45,298,23
18,46,299,13
18,47,299,11
18,48,299,16
18,49,299,27
18,50,299,26
18,51,299,13
18,52,299,13
18,53,299,10
18,54,300,14
18,55,300,19
18,56,300,18
18,57,300,30
18,58,300,19
18,59,300,8
18,60,300,13
18,61,300,11
18,62,301,12
18,63,301,20
18,64,301,9
18,65,301,12
18,66,301,11
18,67,301,6
18,68,301,8
18,69,301,10
18,70,301,12
18,71,301,15
18,72,301,8
18,73,301,10
18,74,301,16
18,75,302,9
18,76,302,13
18,77,302,24
18,78,302,12
18,79,302,17
18,80,302,10
18,81,302,9
18,82,302,35
18,83,302,9
18,84,303,10
18,85,303,2
18,86,303,24
18,87,303,13
18,88,303,13
18,89,303,3
18,90,303,15
18,91,303,6
18,92,303,3
18,93,303,13
18,94,303,19
18,95,303,12
18,96,303,19
18,97,303,8
18,98,304,15
18,99,304,11
18,100,304,5
18,101,304,11
18,102,304,14
18,103,304,5
18,104,304,11
18,105,304,14
18,106,304,9
18,107,304,10
18,108,304,6
18,109,304,18
18,110,304,24
19,1,305,1
19,2,305,5
19,3,305,5
19,4,305,14
19,5,305,13
19,6,305,8
19,7,305,12
19,8,305,14
19,9,305,14
19,10,305,13
19,11,305,11
19,12,306,7
19,13,306,6
19,14,306,6
19,15,306,9
19,16,306,10
19,17,306,11
19,18,306,8
19,19,306,9
19,20,306,11
19,21,306,15
19,22,306,5
19,23,306,13
19,24,306,10
19,25,306,8
19,26,307,18
19,27,307,10
19,28,307,11
19,29,307,10
19,30,307,8
19,31,307,11
19,32,307,6
19,33,307,9
19,34,307,9
19,35,307,16
19,36,307,8
19,37,307,11
19,38,307,11
19,39,308,12
19,40,308,8
19,41,308,8
19,42,308,15
19,43,308,13
19,44,308,9
19,45,308,11
19,46,308,12
19,47,308,10
19,48,308,14
19,49,308,14
19,50,308,9
19,51,308,10
19,52,309,7
19,53,309,7
19,54,309,11
19,55,309,9
19,56,309,8
19,57,309,3
19,58,309,29
19,59,309,11
19,60,309,12
19,61,309,11
19,62,309,11
19,63,309,9
19,64,309,18
19,65,310,12
19,66,310,8
19,67,310,10
19,68,310,8
19,69,310,10
19,70,310,8
19,71,310,9
19,72,310,8
19,73,310,16
19,74,310,9
19,75,310,25
19,76,310,13
19,77,311,8
19,78,311,7
19,79,311,9
19,80,311,5
19,81,311,8
19,82,311,6
19,83,311,9
19,84,311,7
19,85,311,6
19,86,311,5
19,87,311,9
19,88,311,4
19,89,311,4
19,90,311,9
19,91,311,4
19,92,311,6
19,93,311,10
19,94,311,4
19,95,311,5
19,96,312,9
19,97,312,10
19,98,312,14
20,1,312,1
20,2,312,5
20,3,312,4
20,4,312,6
20,5,312,4
20,6,312,12
20,7,312,7
20,8,312,8
20,9,312,4
20,10,312,18
20,11,312,4
20,12,312,9
20,13,313,5
20,14,313,11
20,15,313,10
20,16,313,10
20,17,313,4
20,18,313,13
20,19,313,3
20,20,313,5
20,21,313,7
20,22,313,11
20,23,313,4
20,24,313,5
20,25,313,5
20,26,313,3
20,27,313,4
20,28,313,2
20,29,313,5
20,30,313,2
20,31,313,3
20,32,313,3
20,33,313,3
20,34,313,2
20,35,313,4
20,36,313,5
20,37,313,5
20,38,314,6
20,39,314,22
20,40,314,34
20,41,314,2
20,42,314,8
20,43,314,5
20,44,314,8
20,45,314,10
20,46,314,7
20,47,314,21
20,48,314,10
20,49,314,4
20,50,314,9
20,51,314,5
20,52,315,11
20,53,315,19
20,54,315,9
20,55,315,8
20,56,315,6
20,57,315,7
20,58,315,14
20,59,315,8
20,60,315,6
20,61,315,15
20,62,315,5
20,63,315,13
20,64,315,10
20,65,316,11
20,66,316,12
20,67,316,5
20,68,316,6
20,69,316,16
20,70,316,8
20,71,316,26
20,72,316,19
20,73,316,14
20,74,316,13
20,75,316,10
20,76,316,12
20,77,317,18
20,78,317,8
20,79,317,5
20,80,317,14
20,81,317,17
20,82,317,9
20,83,317,5
20,84,317,9
20,85,317,9
20,86,317,26
20,87,317,15
20,88,318,12
20,89,318,12
20,90,318,16
20,91,318,9
20,92,318,7
20,93,318,4
20,94,318,18
20,95,318,4
20,96,318,16
20,97,318,28
20,98,318,12
20,99,319,13
20,100,319,8
20,101,319,7
20,102,319,8
20,103,319,6
20,104,319,12
20,105,319,7
20,106,319,3
20,107,319,6
20,108,319,13
20,109,319,12
20,110,319,10
20,111,319,9
20,112,319,11
20,113,319,14
20,114,320,17
20,115,320,11
20,116,320,9
20,117,320,12
20,118,320,7
20,119,320,6
20,120,320,13
20,121,320,15
20,122,320,6
20,123,320,18
20,124,320,12
20,125,320,8
20,126,321,8
20,127,321,12
20,128,321,17
20,129,321,9
20,130,321,20
20,131,321,18
20,132,321,12
20,133,321,13
20,134,321,19
20,135,321,11
21,1,322,7
21,2,322,11
21,3,322,15
21,4,322,10
21,5,322,14
21,6,322,8
21,7,322,14
21,8,322,9
21,9,322,8
21,10,322,8
21,11,323,10
21,12,323,7
21,13,323,10
21,14,323,5
21,15,323,8
21,16,323,7
21,17,323,11
21,18,323,13
21,19,323,13
21,20,323,5
21,21,323,7
21,22,323,13
21,23,323,6
21,24,323,22
21,25,324,15
21,26,324,8
21,27,324,6
21,28,324,15
21,29,324,13
21,30,324,18
21,31,324,13
21,32,324,8
21,33,324,11
21,34,324,10
21,35,324,10
21,36,325,17
21,37,325,8
21,38,325,7
21,39,325,16
21,40,325,10
21,41,325,13
21,42,325,13
21,43,325,14
21,44,325,18
21,45,326,11
21,46,326,11
21,47,326,20
21,48,326,8
21,49,326,8
21,50,326,7
21,51,326,9
21,52,326,11
21,53,326,5
21,54,326,8
21,55,326,7
21,56,326,13
21,57,326,7
21,58,327,8
21,59,327,8
21,60,327,7
21,61,327,8
21,62,327,6
21,63,327,9
21,64,327,7
21,65,327,9
21,66,327,11
21,67,327,9
21,68,327,7
21,69,327,7
21,70,327,5
21,71,327,8
21,72,327,8
21,73,328,15
21,74,328,16
21,75,328,6
21,76,328,12
21,77,328,12
21,78,328,14
21,79,328,14
21,80,328,10
21,81,328,14
21,82,329,12
21,83,329,10
21,84,329,16
21,85,329,7
21,86,329,6
21,87,329,23
21,88,329,8
21,89,329,11
21,90,329,19
21,91,330,11
21,92,330,8
21,93,330,6
21,94,330,12
21,95,330,7
21,96,330,10
21,97,330,19
21,98,330,11
21,99,330,9
21,100,330,7
21,101,330,9
21,102,331,9
21,103,331,11
21,104,331,16
21,105,331,12
21,106,331,6
21,107,331,5
21,108,331,11
21,109,331,13
21,110,331,8
21,111,331,8
21,112,331,10
22,1,332,9
22,2,332,22
22,3,332,12
22,4,332,11
22,5,332,69
22,6,333,13
22,7,333,12
22,8,333,13
22,9,333,15
22,10,333,9
22,11,333,25
22,12,333,14
22,13,333,10
22,14,333,17
22,15,333,22
22,16,334,9
22,17,334,22
22,18,334,37
22,19,334,17
22,20,334,6
22,21,334,4
22,22,334,12
22,23,334,22
22,24,335,9
22,25,335,25
22,26,335,16
22,27,335,14
22,28,335,20
22,29,335,8
22,30,335,24
22,31,336,21
22,32,336,9
22,33,336,11
22,34,336,20
22,35,336,15
22,36,336,27
22,37,336,20
22,38,336,13
22,39,337,10
22,40,337,35
22,41,337,17
22,42,337,9
22,43,337,4
22,44,337,11
22,45,337,14
22,46,337,23
22,47,338,14
22,48,338,11
22,49,338,8
22,50,338,8
22,51,338,8
22,52,338,27
22,53,338,16
22,54,338,21
22,55,338,16
22,56,339,12
22,57,339,8
22,58,339,18
22,59,339,7
22,60,339,16
22,61,339,15
22,62,339,17
22,63,339,15
22,64,339,12
22,65,340,27
22,66,340,10
22,67,340,17
22,68,340,7
22,69,340,9
22,70,340,18
22,71,340,18
22,72,340,29
22,73,341,28
22,74,341,9
22,75,341,11
22,76,341,10
22,77,341,11
22,78,341,44
23,1,342,3
23,2,342,5
23,3,342,5
23,4,342,4
23,5,342,4
23,6,342,10
23,7,342,7
23,8,342,5
23,9,342,5
23,10,342,3
23,11,342,6
23,12,342,7
23,13,342,6
23,14,342,21
23,15,342,5
23,16,342,5
23,17,342,10
23,18,343,13
23,19,343,13
23,20,343,9
23,21,343,15
23,22,343,4
23,23,343,16
23,24,343,26
23,25,343,10
23,26,343,5
23,27,343,32
23,28,344,15
23,29,344,8
23,30,344,7
23,31,344,6
23,32,344,14
23,33,344,25
23,34,344,7
23,35,344,9
23,36,344,4
23,37,344,10
23,38,344,12
23,39,344,5
23,40,344,5
23,41,344,8
23,42,344,6
23,43,345,7
23,44,345,19
23,45,345,8
23,46,345,7
23,47,345,7
23,48,345,4
23,49,345,6
23,50,345,11
23,51,345,11
23,52,345,8
23,53,345,9
23,54,345,5
23,55,345,7
23,56,345,7
23,57,345,7
23,58,345,5
23,59,345,5
23,60,346,10
23,61,346,7
23,62,346,12
23,63,346,14
23,64,346,8
23,65,346,7
23,66,346,9
23,67,346,4
23,68,346,10
23,69,346,7
23,70,346,10
23,71,346,16
23,72,346,9
23,73,346,5
23,74,346,8
23,75,347,11
23,76,347,8
23,77,347,12
23,78,347,10
23,79,347,7
23,80,347,10
23,81,347,6
23,82,347,8
23,83,347,12
23,84,347,8
23,85,347,5
23,86,347,8
23,87,347,5
23,88,347,14
23,89,347,5
23,90,348,5
23,91,348,24
23,92,348,6
23,93,348,6
23,94,348,6
23,95,348,7
23,96,348,9
23,97,348,7
23,98,348,5
23,99,348,8
23,100,348,16
23,101,348,10
23,102,348,6
23,103,348,10
23,104,348,6
23,105,349,8
23,106,349,8
23,107,349,7
23,108,349,5
23,109,349,14
23,110,349,8
23,111,349,8
23,112,349,7
23,113,349,8
23,114,349,9
23,115,349,8
23,116,349,11
23,117,349,18
23,118,349,7
24,1,350,9
24,2,350,26
24,3,350,18
24,4,350,19
24,5,350,11
24,6,350,17
24,7,350,9
24,8,350,11
24,9,350,9
24,10,350,9
24,11,351,28
24,12,351,12
24,13,351,14
24,14,351,15
24,15,351,16
24,16,351,14
24,17,351,9
24,18,351,7
24,19,351,20
24,20,351,9
24,21,352,34
24,22,352,26
24,23,352,13
24,24,352,9
24,25,352,11
24,26,352,16
24,27,352,18
24,28,353,22
24,29,353,17
24,30,353,15
24,31,353,78
24,32,354,17
24,33,354,48
24,34,354,13
24,35,354,48
24,36,354,14
24,37,355,19
24,38,355,14
24,39,355,22
24,40,355,33
24,41,355,21
24,42,355,7
24,43,355,38
24,44,356,10
24,45,356,31
24,46,356,11
24,47,356,15
24,48,356,11
24,49,356,7
24,50,356,16
24,51,356,18
24,52,356,10
24,53,356,17
24,54,357,23
24,55,357,38
24,56,357,8
24,57,357,11
24,58,357,49
24,59,358,19
24,60,358,23
24,61,358,76
24,62,359,39
24,63,359,27
24,64,359,22
25,1,359,9
25,2,359,19
25,3,360,22
25,4,360,16
25,5,360,9
25,6,360,12
25,7,360,16
25,8,360,17
25,9,360,9
25,10,360,17
25,11,360,8
25,12,361,9
25,13,361,9
25,14,361,8
25,15,361,13
25,16,361,10
25,17,361,16
25,18,361,21
25,19,361,15
25,20,361,20
25,21,362,19
25,22,362,10
25,23,362,9
25,24,362,7
25,25,362,7
25,26,362,9
25,27,362,11
25,28,362,6
25,29,362,11
25,30,362,9
25,31,362,11
25,32,362,15
25,33,363,8
25,34,363,11
25,35,363,9
25,36,363,9
25,37,363,13
25,38,363,8
25,39,363,7
25,40,363,16
25,41,363,11
25,42,363,17
25,43,363,9
25,44,364,15
25,45,364,16
25,46,364,5
25,47,364,11
25,48,364,13
25,49,364,10
25,50,364,9
25,51,364,7
25,52,364,7
25,53,364,15
25,54,364,12
25,55,364,14
25,56,365,5
25,57,365,14
25,58,365,13
25,59,365,17
25,60,365,13
25,61,365,11
25,62,365,13
25,63,365,12
25,64,365,5
25,65,365,11
25,66,365,4
25,67,365,11
25,68,366,22
25,69,366,8
25,70,366,16
25,71,366,9
25,72,366,9
25,73,366,10
25,74,366,13
25,75,366,9
25,76,366,5
25,77,366,12
26,1,367,1
26,2,367,4
26,3,367,6
26,4,367,11
26,5,367,11
26,6,367,8
26,7,367,11
26,8,367,8
26,9,367,5
26,10,367,8
26,11,367,4
26,12,367,6
26,13,367,8
26,14,367,6
26,15,367,7
26,16,367,7
26,17,367,5
26,18,367,10
26,19,367,7
26,20,368,6
26,21,368,11
26,22,368,8
26,23,368,5
26,24,368,9
26,25,368,5
26,26,368,5
26,27,368,7
26,28,368,9
26,29,368,8
26,30,368,5
26,31,368,7
26,32,368,6
26,33,368,6
26,34,368,7
26,35,368,8
26,36,368,7
26,37,368,4
26,38,368,5
26,39,368,5
26,40,369,7
26,41,369,12
26,42,369,6
26,43,369,7
26,44,369,9
26,45,369,8
26,46,369,3
26,47,369,4
26,48,369,3
26,49,369,21
26,50,369,7
26,51,369,11
26,52,369,8
26,53,369,5
26,54,369,4
26,55,369,3
26,56,369,3
26,57,369,4
26,58,369,3
26,59,369,4
26,60,369,2
26,61,370,8
26,62,370,6
26,63,370,13
26,64,370,3
26,65,370,5
26,66,370,3
26,67,370,8
26,68,370,5
26,69,370,4
26,70,370,6
26,71,370,6
26,72,370,5
26,73,370,4
26,74,370,6
26,75,370,5
26,76,370,3
26,77,370,6
26,78,370,4
26,79,370,4
26,80,370,4
26,81,370,4
26,82,370,8
26,83,370,6
26,84,371,6
26,85,371,5
26,86,371,6
26,87,371,4
26,88,371,6
26,89,371,6
26,90,371,3
26,91,371,3
26,92,371,6
26,93,371,7
26,94,371,4
26,95,371,3
26,96,371,4
26,97,371,6
26,98,371,4
26,99,371,4
26,100,371,4
26,101,371,3
26,102,371,7
26,103,371,8
26,104,371,5
26,105,371,4
26,106,371,7
26,107,371,4
26,108,371,3
26,109,371,11
26,110,371,3
26,111,371,5
26,112,372,6
26,113,372,7
26,114,372,4
26,115,372,5
26,116,372,8
26,117,372,5
26,118,372,9
26,119,372,6
26,120,372,4
26,121,372,8
26,122,372,5
26,123,372,3
26,124,372,7
26,125,372,4
26,126,372,3
26,127,372,11
26,128,372,5
26,129,372,4
26,130,372,4
26,131,372,3
26,132,372,5
26,133,372,3
26,134,372,2
26,135,372,6
26,136,372,9
26,137,373,5
26,138,373,3
26,139,373,10
26,140,373,5
26,141,373,3
26,142,373,7
26,143,373,4
26,144,373,3
26,145,373,11
26,146,373,5
26,147,373,3
26,148,373,4
26,149,373,5
26,150,373,3
26,151,373,4
26,152,373,6
26,153,373,5
26,154,373,11
26,155,373,9
26,156,373,7
26,157,373,3
26,158,373,10
26,159,373,5
26,160,374,4
26,161,374,7
26,162,374,4
26,163,374,3
26,164,374,11
26,165,374,4
26,166,374,11
26,167,374,8
26,168,374,5
26,169,374,5
26,170,374,3
26,171,374,4
26,172,374,3
26,173,374,6
26,174,374,8
26,175,374,5
26,176,374,4
26,177,374,6
26,178,374,4
26,179,374,3
26,180,374,11
26,181,374,6
26,182,374,3
26,183,374,9
26,184,375,5
26,185,375,5
26,186,375,9
26,187,375,9
26,188,375,5
26,189,375,10
26,190,375,8
26,191,375,5
26,192,375,4
26,193,375,4
26,194,375,5
26,195,375,3
26,196,375,4
26,197,375,9
26,198,375,5
26,199,375,6
26,200,375,5
26,201,375,7
26,202,375,5
26,203,375,4
26,204,375,2
26,205,375,4
26,206,375,5
26,207,376,6
26,208,376,7
26,209,376,4
26,210,376,4
26,211,376,5
26,212,376,4
26,213,376,9
26,214,376,3
26,215,376,6
26,216,376,7
26,217,376,4
26,218,376,4
26,219,376,3
26,220,376,4
26,221,376,6
26,222,376,5
26,223,376,4
26,224,376,3
26,225,376,7
26,226,376,5
26,227,376,19
27,1,377,6
27,2,377,3
27,3,377,9
27,4,377,10
27,5,377,10
27,6,377,7
27,7,377,16
27,8,377,14
27,9,377,6
27,10,377,19
27,11,377,11
27,12,377,19
27,13,377,8
27,14,378,11
27,15,378,15
27,16,378,18
27,17,378,9
27,18,378,19
27,19,378,24
27,20,378,12
27,21,378,9
27,22,378,14
27,23,379,11
27,24,379,17
27,25,379,14
27,26,379,8
27,27,379,7
27,28,379,11
27,29,379,8
27,30,379,8
27,31,379,5
27,32,379,12
27,33,379,12
27,34,379,13
27,35,379,8
27,36,380,16
27,37,380,13
27,38,380,10
27,39,380,16
27,40,380,38
27,41,380,12
27,42,380,14
27,43,380,12
27,44,380,28
27,45,381,13
27,46,381,12
27,47,381,13
27,48,381,10
27,49,381,14
27,50,381,7
27,51,381,9
27,52,381,11
27,53,381,5
27,54,381,8
27,55,381,11
27,56,382,15
27,57,382,7
27,58,382,6
27,59,382,12
27,60,382,27
27,61,382,21
27,62,382,16
27,63,382,20
27,64,383,19
27,65,383,14
27,66,383,14
27,67,383,9
27,68,383,12
27,69,383,9
27,70,383,9
27,71,383,7
27,72,383,9
27,73,383,10
27,74,383,8
27,75,383,10
27,76,383,12
27,77,384,4
27,78,384,8
27,79,384,7
27,80,384,11
27,81,384,14
27,82,384,16
27,83,384,11
27,84,384,13
27,85,384,8
27,86,384,15
27,87,384,18
27,88,384,18
27,89,385,11
27,90,385,13
27,91,385,17
27,92,385,15
27,93,385,11
28,1,385,1
28,2,385,4
28,3,385,9
28,4,385,19
28,5,385,12
28,6,386,12
28,7,386,22
28,8,386,13
28,9,386,18
28,10,386,17
28,11,386,10
28,12,386,16
28,13,386,17
28,14,387,10
28,15,387,38
28,16,387,13
28,17,387,9
28,18,387,16
28,19,387,32
28,20,387,18
28,21,387,10
28,22,388,11
28,23,388,27
28,24,388,15
28,25,388,26
28,26,388,10
28,27,388,29
28,28,388,15
28,29,389,27
28,30,389,19
28,31,389,19
28,32,389,25
28,33,389,9
28,34,389,14
28,35,389,15
28,36,390,17
28,37,390,18
28,38,390,27
28,39,390,12
28,40,390,10
28,41,390,9
28,42,390,10
28,43,390,16
28,44,391,13
28,45,391,18
28,46,391,20
28,47,391,18
28,48,391,26
28,49,391,13
28,50,391,23
28,51,392,6
28,52,392,8
28,53,392,15
28,54,392,12
28,55,392,15
28,56,392,13
28,57,392,25
28,58,392,17
28,59,392,20
28,60,393,15
28,61,393,17
28,62,393,8
28,63,393,18
28,64,393,13
28,65,393,6
28,66,393,7
28,67,393,11
28,68,393,14
28,69,393,7
28,70,393,15
28,71,394,19
28,72,394,21
28,73,394,13
28,74,394,8
28,75,394,17
28,76,394,29
28,77,394,26
28,78,395,28
28,79,395,20
28,80,395,16
28,81,395,17
28,82,395,26
28,83,395,14
28,84,395,18
28,85,396,19
28,86,396,15
28,87,396,16
28,88,396,19
29,1,396,1
29,2,396,10
29,3,396,11
29,4,396,10
29,5,396,12
29,6,396,10
29,7,397,12
29,8,397,21
29,9,397,7
29,10,397,31
29,11,397,6
29,12,397,18
29,13,397,11
29,14,397,16
29,15,398,6
29,16,398,13
29,17,398,27
29,18,398,13
29,19,398,13
29,20,398,19
29,21,398,8
29,22,398,17
29,23,398,13
29,24,399,20
29,25,399,27
29,26,399,12
29,27,399,18
29,28,399,14
29,29,399,23
29,30,399,6
29,31,400,15
29,32,400,16
29,33,400,23
29,34,400,12
29,35,400,7
29,36,400,16
29,37,400,7
29,38,400,16
29,39,401,13
29,40,401,28
29,41,401,19
29,42,401,12
29,43,401,8
29,44,401,10
29,45,401,21
29,46,402,25
29,47,402,19
29,48,402,13
29,49,402,14
29,50,402,16
29,51,402,15
29,52,402,19
29,53,403,12
29,54,403,6
29,55,403,13
29,56,403,8
29,57,403,7
29,58,403,17
29,59,403,5
29,60,403,12
29,61,403,13
29,62,403,14
29,63,403,22
29,64,404,15
29,65,404,16
29,66,404,6
29,67,404,15
29,68,404,17
29,69,404,9
30,1,404,1
30,2,404,2
30,3,404,8
30,4,404,12
30,5,404,8
30,6,405,11
30,7,405,10
30,8,405,22
30,9,405,32
30,10,405,13
30,11,405,8
30,12,405,5
30,13,405,9
30,14,405,5
30,15,405,9
30,16,406,11
30,17,406,6
30,18,406,8
30,19,406,14
30,20,406,11
30,21,406,20
30,22,406,13
30,23,406,14
30,24,406,21
30,25,407,16
30,26,407,8
30,27,407,18
30,28,407,27
30,29,407,16
30,30,407,22
30,31,407,9
30,32,407,11
30,33,408,18
30,34,408,6
30,35,408,10
30,36,408,15
30,37,408,15
30,38,408,16
30,39,408,22
30,40,408,22
30,41,408,15
30,42,409,14
30,43,409,16
30,44,409,9
30,45,409,11
30,46,409,17
30,47,409,18
30,48,409,28
30,49,409,10
30,50,409,19
30,51,410,9
30,52,410,11
30,53,410,14
30,54,410,24
30,55,410,12
30,56,410,20
30,57,410,9
30,58,410,19
30,59,410,8
30,60,410,10
31,1,411,1
31,2,411,4
31,3,411,3
31,4,411,9
31,5,411,8
31,6,411,18
31,7,411,16
31,8,411,8
31,9,411,8
31,10,411,27
31,11,411,14
31,12,412,18
31,13,412,14
31,14,412,17
31,15,412,29
31,16,412,24
31,17,412,17
31,18,412,16
31,19,412,11
31,20,413,30
31,21,413,21
31,22,413,15
31,23,413,15
31,24,413,7
31,25,413,15
31,26,413,10
31,27,413,21
31,28,413,11
31,29,414,25
31,30,414,16
31,31,414,19
31,32,414,22
31,33,414,30
31,34,414,27
32,1,415,1
32,2,415,8
32,3,415,18
32,4,415,24
32,5,415,17
32,6,415,6
32,7,415,10
32,8,415,8
32,9,415,14
32,10,415,14
32,11,415,11
32,12,416,16
32,13,416,16
32,14,416,14
32,15,416,15
32,16,416,11
32,17,416,13
32,18,416,8
32,19,416,12
32,20,416,21
32,21,417,9
32,22,417,13
32,23,417,14
32,24,417,10
32,25,417,11
32,26,417,18
32,27,417,17
32,28,417,7
32,29,417,11
32,30,417,5
33,1,418,13
33,2,418,12
33,3,418,6
33,4,418,28
33,5,418,28
33,6,418,29
33,7,419,17
33,8,419,8
33,9,419,21
33,10,419,16
33,11,419,6
33,12,419,13
33,13,419,25
33,14,419,14
33,15,419,13
33,16,420,15
33,17,420,24
33,18,420,14
33,19,420,35
33,20,420,23
33,21,420,17
33,22,420,18
33,23,421,18
33,24,421,16
33,25,421,16
33,26,421,16
33,27,421,13
33,28,421,15
33,29,421,14
33,30,421,16
33,31,422,14
33,32,422,19
33,33,422,25
33,34,422,14
33,35,422,30
33,36,423,24
33,37,423,48
33,38,423,22
33,39,423,13
33,40,423,17
33,41,423,7
33,42,423,3
33,43,423,13
33,44,424,8
33,45,424,7
33,46,424,6
33,47,424,8
33,48,424,12
33,49,424,22
33,50,424,61
33,51,425,35
33,52,425,25
33,53,425,69
33,54,425,11
33,55,426,30
33,56,426,13
33,57,426,14
33,58,426,12
33,59,426,21
33,60,426,19
33,61,426,6
33,62,426,12
33,63,427,15
33,64,427,7
33,65,427,8
33,66,427,11
33,67,427,8
33,68,427,8
33,69,427,16
33,70,427,8
33,71,427,14
33,72,427,18
33,73,427,15
34,1,428,17
34,2,428,18
34,3,428,32
34,4,428,10
34,5,428,11
34,6,428,16
34,7,428,16
34,8,429,16
34,9,429,29
34,10,429,12
34,11,429,12
34,12,429,27
34,13,429,19
34,14,429,27
34,15,430,20
34,16,430,16
34,17,430,8
34,18,430,17
34,19,430,19
34,20,430,10
34,21,430,21
34,22,430,26
34,23,431,22
34,24,431,17
34,25,431,9
34,26,431,11
34,27,431,12
34,28,431,12
34,29,431,7
34,30,431,10
34,31,431,32
34,32,432,15
34,33,432,34
34,34,432,14
34,35,432,8
34,36,432,13
34,37,432,23
34,38,432,9
34,39,432,20
34,40,433,10
34,41,433,13
34,42,433,18
34,43,433,34
34,44,433,11
34,45,433,14
34,46,433,24
34,47,433,17
34,48,433,7
34,49,434,8
34,50,434,16
34,51,434,10
34,52,434,9
34,53,434,10
34,54,434,15
35,1,434,24
35,2,434,19
35,3,434,21
35,4,435,11
35,5,435,14
35,6,435,13
35,7,435,13
35,8,435,25
35,9,435,17
35,10,435,24
35,11,435,34
35,12,436,28
35,13,436,28
35,14,436,18
35,15,436,10
35,16,436,6
35,17,436,5
35,18,436,34
35,19,437,4
35,20,437,4
35,21,437,4
35,22,437,16
35,23,437,4
35,24,437,12
35,25,437,13
35,26,437,7
35,27,437,22
35,28,437,17
35,29,437,16
35,30,437,8
35,31,438,16
35,32,438,21
35,33,438,13
35,34,438,11
35,35,438,14
35,36,438,18
35,37,438,25
35,38,438,10
35,39,439,24
35,40,439,33
35,41,439,19
35,42,439,19
35,43,439,26
35,44,439,30
35,45,440,25
36,1,440,1
36,2,440,2
36,3,440,3
36,4,440,3
36,5,440,3
36,6,440,7
36,7,440,8
36,8,440,10
36,9,440,12
36,10,440,8
36,11,440,12
36,12,440,14
36,13,441,8
36,14,441,11
36,15,441,15
36,16,441,6
36,17,441,5
36,18,441,12
36,19,441,9
36,20,441,10
36,21,441,7
36,22,441,8
36,23,441,15
36,24,441,5
36,25,441,4
36,26,441,7
36,27,441,7
36,28,442,13
36,29,442,8
36,30,442,11
36,31,442,11
36,32,442,6
36,33,442,10
36,34,442,10
36,35,442,8
36,36,442,13
36,37,442,9
36,38,442,8
36,39,442,7
36,40,442,15
36,41,443,8
36,42,443,6
36,43,443,9
36,44,443,6
36,45,443,11
36,46,443,11
36,47,443,24
36,48,443,7
36,49,443,8
36,50,443,7
36,51,443,10
36,52,443,12
36,53,443,10
36,54,443,11
36,55,444,7
36,56,444,7
36,57,444,6
36,58,444,5
36,59,444,4
36,60,444,13
36,61,444,5
36,62,444,8
36,63,444,5
36,64,444,5
36,65,444,11
36,66,444,9
36,67,444,10
36,68,444,7
36,69,444,12
36,70,444,8
36,71,445,12
36,72,445,6
36,73,445,6
36,74,445,7
36,75,445,7
36,76,445,9
36,77,445,11
36,78,445,11
36,79,445,10
36,80,445,11
36,81,445,14
36,82,445,10
36,83,445,8
37,1,446,2
37,2,446,2
37,3,446,2
37,4,446,3
37,5,446,7
37,6,446,6
37,7,446,5
37,8,446,9
37,9,446,4
37,10,446,7
37,11,446,12
37,12,446,3
37,13,446,4
37,14,446,4
37,15,446,6
37,16,446,7
37,17,446,2
37,18,446,4
37,19,446,7
37,20,446,5
37,21,446,7
37,22,446,7
37,23,446,7
37,24,446,3
37,25,447,4
37,26,447,4
37,27,447,5
37,28,447,6
37,29,447,5
37,30,447,10
37,31,447,6
37,32,447,4
37,33,447,5
37,34,447,4
37,35,447,10
37,36,447,6
37,37,447,5
37,38,447,4
37,39,447,6
37,40,447,4
37,41,447,4
37,42,447,3
37,43,447,3
37,44,447,3
37,45,447,5
37,46,447,3
37,47,447,7
37,48,447,4
37,49,447,3
37,50,447,5
37,51,447,7
37,52,448,4
37,53,448,7
37,54,448,4
37,55,448,5
37,56,448,5
37,57,448,6
37,58,448,3
37,59,448,6
37,60,448,5
37,61,448,4
37,62,448,6
37,63,448,4
37,64,448,6
37,65,448,4
37,66,448,6
37,67,448,7
37,68,448,5
37,69,448,4
37,70,448,4
37,71,448,5
37,72,448,4
37,73,448,5
37,74,448,4
37,75,448,5
37,76,448,5
37,77,449,4
37,78,449,4
37,79,449,5
37,80,449,4
37,81,449,4
37,82,449,3
37,83,449,4
37,84,449,5
37,85,449,6
37,86,449,5
37,87,449,4
37,88,449,4
37,89,449,3
37,90,449,3
37,91,449,6
37,92,449,4
37,93,449,4
37,94,449,3
37,95,449,4
37,96,449,4
37,97,449,7
37,98,449,5
37,99,449,6
37,100,449,5
37,101,449,3
37,102,449,26
37,103,450,4
37,104,450,3
37,105,450,7
37,106,450,5
37,107,450,3
37,108,450,4
37,109,450,3
37,110,450,3
37,111,450,4
37,112,450,5
37,113,450,10
37,114,450,5
37,115,450,5
37,116,450,4
37,117,450,3
37,118,450,3
37,119,450,4
37,120,450,4
37,121,450,4
37,122,450,4
37,123,450,4
37,124,450,5
37,125,450,5
37,126,450,5
37,127,451,3
37,128,451,4
37,129,451,4
37,130,451,3
37,131,451,4
37,132,451,4
37,133,451,4
37,134,451,4
37,135,451,4
37,136,451,3
37,137,451,4
37,138,451,3
37,139,451,4
37,140,451,5
37,141,451,4
37,142,451,4
37,143,451,5
37,144,451,6
37,145,451,4
37,146,451,5
37,147,451,6
37,148,451,4
37,149,451,5
37,150,451,6
37,151,451,5
37,152,451,4
37,153,451,4
37,154,452,4
37,155,452,2
37,156,452,4
37,157,452,5
37,158,452,10
37,159,452,4
37,160,452,4
37,161,452,3
37,162,452,4
37,163,452,5
37,164,452,6
37,165,452,3
37,166,452,3
37,167,452,3
37,168,452,6
37,169,452,4
37,170,452,4
37,171,452,5
37,172,452,3
37,173,452,4
37,174,452,4
37,175,452,3
37,176,452,2
37,177,452,6
37,178,452,4
37,179,452,3
37,180,452,6
37,181,452,3
37,182,452,4
38,1,453,4
38,2,453,6
38,3,453,10
38,4,453,10
38,5,453,8
38,6,453,12
38,7,453,10
38,8,453,15
38,9,453,7
38,10,453,10
38,11,453,6
38,12,453,8
38,13,453,7
38,14,453,7
38,15,453,10
38,16,453,8
38,17,454,11
38,18,454,7
38,19,454,5
38,20,454,6
38,21,454,7
38,22,454,23
38,23,454,15
38,24,454,32
38,25,454,9
38,26,454,30
38,27,455,16
38,28,455,13
38,29,455,9
38,30,455,7
38,31,455,6
38,32,455,11
38,33,455,6
38,34,455,9
38,35,455,15
38,36,455,8
38,37,455,4
38,38,455,4
38,39,455,7
38,40,455,6
38,41,455,11
38,42,455,6
38,43,456,10
38,44,456,14
38,45,456,8
38,46,456,5
38,47,456,5
38,48,456,8
38,49,456,6
38,50,456,5
38,51,456,7
38,52,456,4
38,53,456,5
38,54,456,7
38,55,456,5
38,56,456,4
38,57,456,4
38,58,456,4
38,59,456,10
38,60,456,11
38,61,456,11
38,62,457,10
38,63,457,6
38,64,457,6
38,65,457,11
38,66,457,7
38,67,457,4
38,68,457,3
38,69,457,9
38,70,457,8
38,71,457,9
38,72,457,9
38,73,457,4
38,74,457,6
38,75,457,14
38,76,457,10
38,77,457,5
38,78,457,6
38,79,457,6
38,80,457,4
38,81,457,4
38,82,457,4
38,83,457,4
38,84,458,4
38,85,458,7
38,86,458,10
38,87,458,5
38,88,458,4
39,1,458,6
39,2,458,10
39,3,458,33
39,4,458,16
39,5,458,23
39,6,459,36
39,7,459,31
39,8,459,34
39,9,459,24
39,10,459,21
39,11,460,9
39,12,460,5
39,13,460,9
39,14,460,6
39,15,460,19
39,16,460,16
39,17,460,12
39,18,460,13
39,19,460,10
39,20,460,20
39,21,460,31
39,22,461,20
39,23,461,34
39,24,461,13
39,25,461,10
39,26,461,12
39,27,461,11
39,28,461,7
39,29,461,19
39,30,461,4
39,31,461,7
39,32,462,15
39,33,462,8
39,34,462,8
39,35,462,12
39,36,462,15
39,37,462,12
39,38,462,36
39,39,462,9
39,40,462,8
39,41,463,18
39,42,463,26
39,43,463,14
39,44,463,11
39,45,463,18
39,46,463,17
39,47,463,25
39,48,464,11
39,49,464,22
39,50,464,11
39,51,464,15
39,52,464,15
39,53,464,20
39,54,464,13
39,55,464,16
39,56,464,14
39,57,465,9
39,58,465,12
39,59,465,10
39,60,465,14
39,61,465,11
39,62,465,9
39,63,465,11
39,64,465,7
39,65,465,14
39,66,465,6
39,67,465,17
39,68,466,22
39,69,466,15
39,70,466,9
39,71,466,34
39,72,466,9
39,73,466,20
39,74,466,16
39,75,467,17
40,1,467,1
40,2,467,6
40,3,467,14
40,4,467,13
40,5,467,21
40,6,467,10
40,7,467,27
40,8,468,16
40,9,468,12
40,10,468,15
40,11,468,13
40,12,468,15
40,13,468,14
40,14,468,8
40,15,468,16
40,16,468,15
40,17,469,13
40,18,469,15
40,19,469,6
40,20,469,15
40,21,469,30
40,22,469,13
40,23,469,6
40,24,469,7
40,25,469,19
40,26,470,18
40,27,470,13
40,28,470,39
40,29,470,26
40,30,470,10
40,31,470,14
40,32,470,6
40,33,470,16
40,34,471,30
40,35,471,23
40,36,471,9
40,37,471,23
40,38,471,8
40,39,471,11
40,40,471,23
40,41,472,9
40,42,472,15
40,43,472,22
40,44,472,12
40,45,472,10
40,46,472,13
40,47,472,19
40,48,472,12
40,49,472,13
40,50,473,16
40,51,473,11
40,52,473,10
40,53,473,8
40,54,473,4
40,55,473,12
40,56,473,23
40,57,473,12
40,58,473,13
40,59,474,11
40,60,474,13
40,61,474,20
40,62,474,12
40,63,474,7
40,64,474,21
40,65,474,14
40,66,474,20
40,67,475,30
40,68,475,12
40,69,475,10
40,70,475,9
40,71,475,6
40,72,475,6
40,73,475,7
40,74,475,17
40,75,475,11
40,76,475,8
40,77,475,14
40,78,476,32
40,79,476,9
40,80,476,12
40,81,476,6
40,82,476,25
40,83,476,15
40,84,476,12
40,85,476,17
41,1,477,1
41,2,477,4
41,3,477,7
41,4,477,7
41,5,477,17
41,6,477,16
41,7,477,8
41,8,477,9
41,9,477,14
41,10,477,15
41,11,477,16
41,12,478,19
41,13,478,9
41,14,478,23
41,15,478,25
41,16,478,19
41,17,478,14
41,18,478,5
41,19,478,8
41,20,478,12
41,21,479,18
41,22,479,20
41,23,479,9
41,24,479,11
41,25,479,25
41,26,479,11
41,27,479,10
41,28,479,14
41,29,479,16
41,30,480,19
41,31,480,16
41,32,480,4
41,33,480,13
41,34,480,17
41,35,480,11
41,36,480,11
41,37,480,19
41,38,480,12
41,39,481,22
41,40,481,26
41,41,481,9
41,42,481,13
41,43,481,17
41,44,481,30
41,45,481,18
41,46,481,11
41,47,482,28
41,48,482,12
41,49,482,11
41,50,482,32
41,51,482,13
41,52,482,17
41,53,482,19
41,54,482,12
42,1,483,1
42,2,483,1
42,3,483,10
42,4,483,10
42,5,483,19
42,6,483,12
42,7,483,22
42,8,483,19
42,9,483,16
42,10,483,15
42,11,484,19
42,12,484,13
42,13,484,38
42,14,484,30
42,15,484,34
42,16,485,18
42,17,485,11
42,18,485,22
42,19,485,9
42,20,485,22
42,21,485,22
42,22,485,24
42,23,486,29
42,24,486,22
42,25,486,12
42,26,486,12
42,27,486,17
42,28,486,13
42,29,486,16
42,30,486,10
42,31,486,14
42,32,487,6
42,33,487,15
42,34,487,7
42,35,487,9
42,36,487,17
42,37,487,10
42,38,487,11
42,39,487,6
42,40,487,14
42,41,487,9
42,42,487,15
42,43,487,8
42,44,487,20
42,45,488,27
42,46,488,16
42,47,488,21
42,48,488,27
42,49,488,15
42,50,488,11
42,51,488,22
42,52,489,27
42,53,489,15
43,1,489,1
43,2,489,2
43,3,489,6
43,4,489,7
43,5,489,8
43,6,489,6
43,7,489,8
43,8,489,7
43,9,489,10
43,10,489,11
43,11,490,12
43,12,490,11
43,13,490,20
43,14,490,4
43,15,490,9
43,16,490,7
43,17,490,12
43,18,490,9
43,19,490,12
43,20,490,15
43,21,490,8
43,22,490,11
43,23,491,21
43,24,491,14
43,25,491,7
43,26,491,9
43,27,491,5
43,28,491,7
43,29,491,9
43,30,491,9
43,31,491,10
43,32,491,25
43,33,491,17
43,34,492,5
43,35,492,12
43,36,492,11
43,37,492,7
43,38,492,11
43,39,492,9
43,40,492,11
43,41,492,6
43,42,492,7
43,43,492,8
43,44,492,6
43,45,492,13
43,46,492,12
43,47,492,7
43,48,493,13
43,49,493,11
43,50,493,7
43,51,493,17
43,52,493,11
43,53,493,11
43,54,493,7
43,55,493,6
43,56,493,4
43,57,493,9
43,58,493,14
43,59,493,10
43,60,493,8
43,61,494,10
43,62,494,7
43,63,494,17
43,64,494,9
43,65,494,11
43,66,494,10
43,67,494,7
43,68,494,8
43,69,494,5
43,70,494,5
43,71,494,15
43,72,494,7
43,73,494,6
43,74,495,6
43,75,495,6
43,76,495,6
43,77,495,8
43,78,495,7
43,79,495,5
43,80,495,11
43,81,495,8
43,82,495,8
43,83,495,8
43,84,495,11
43,85,495,13
43,86,495,13
43,87,495,8
43,88,495,7
43,89,495,6
44,1,496,1
44,2,496,2
44,3,496,8
44,4,496,5
44,5,496,6
44,6,496,7
44,7,496,8
44,8,496,10
44,9,496,5
44,10,496,6
44,11,496,5
44,12,496,6
44,13,496,7
44,14,496,6
44,15,496,6
44,16,496,6
44,17,496,8
44,18,496,9
44,19,497,9
44,20,497,6
44,21,497,5
44,22,497,6
44,23,497,5
44,24,497,6
44,25,497,5
44,26,497,3
44,27,497,4
44,28,497,4
44,29,497,8
44,30,497,7
44,31,497,7
44,32,497,6
44,33,497,7
44,34,497,3
44,35,497,8
44,36,497,5
44,37,497,12
44,38,497,7
44,39,497,8
44,40,498,5
44,41,498,10
44,42,498,8
44,43,498,3
44,44,498,2
44,45,498,4
44,46,498,2
44,47,498,5
44,48,498,7
44,49,498,5
44,50,498,6
44,51,498,5
44,52,498,3
44,53,498,5
44,54,498,4
44,55,498,5
44,56,498,10
44,57,498,7
44,58,498,5
44,59,498,3
45,1,499,1
45,2,499,6
45,3,499,6
45,4,499,9
45,5,499,20
45,6,499,12
45,7,499,4
45,8,499,14
45,9,499,11
45,10,499,19
45,11,499,11
45,12,499,14
45,13,499,16
45,14,500,14
45,15,500,11
45,16,500,13
45,17,500,24
45,18,500,13
45,19,500,15
45,20,500,7
45,21,500,17
45,22,500,13
45,23,501,24
45,24,501,21
45,25,501,16
45,26,501,18
45,27,501,10
45,28,501,14
45,29,501,11
45,30,501,13
45,31,501,12
45,32,501,22
45,33,502,11
45,34,502,14
45,35,502,16
45,36,502,8
45,37,502,8
46,1,502,1
46,2,502,6
46,3,502,15
46,4,502,29
46,5,502,18
46,6,503,9
46,7,503,14
46,8,503,25
46,9,503,24
46,10,503,24
46,11,503,19
46,12,503,16
46,13,503,13
46,14,503,9
46,15,504,45
46,16,504,18
46,17,504,28
46,18,504,17
46,19,504,9
46,20,504,27
46,21,505,25
46,22,505,12
46,23,505,13
46,24,505,18
46,25,505,14
46,26,505,32
46,27,505,10
46,28,505,17
46,29,506,18
46,30,506,19
46,31,506,14
46,32,506,18
46,33,506,22
46,34,506,18
46,35,506,27
47,1,507,8
47,2,507,18
47,3,507,18
47,4,507,38
47,5,507,3
47,6,507,4
47,7,507,9
47,8,507,6
47,9,507,8
47,10,507,16
47,11,507,11
47,12,508,22
47,13,508,14
47,14,508,13
47,15,508,44
47,16,508,24
47,17,508,6
47,18,508,15
47,19,508,14
47,20,509,27
47,21,509,12
47,22,509,10
47,23,509,7
47,24,509,7
47,25,509,16
47,26,509,15
47,27,509,7
47,28,509,10
47,29,509,11
47,30,510,12
47,31,510,8
47,32,510,21
47,33,510,10
47,34,510,15
47,35,510,12
47,36,510,13
47,37,510,6
47,38,510,29
48,1,511,5
48,2,511,15
48,3,511,4
48,4,511,19
48,5,511,19
48,6,511,21
48,7,511,8
48,8,511,5
48,9,511,8
48,10,512,25
48,11,512,37
48,12,512,20
48,13,512,9
48,14,512,14
48,15,512,31
48,16,513,28
48,17,513,27
48,18,513,19
48,19,513,7
48,20,513,18
48,21,513,14
48,22,513,12
48,23,513,12
48,24,514,19
48,25,514,40
48,26,514,28
48,27,514,28
48,28,514,14
48,29,515,54
49,1,515,15
49,2,515,22
49,3,515,17
49,4,515,9
49,5,516,12
49,6,516,17
49,7,516,28
49,8,516,7
49,9,516,30
49,10,516,10
49,11,516,39
49,12,517,31
49,13,517,20
49,14,517,27
49,15,517,18
49,16,517,16
49,17,517,19
49,18,517,10
50,1,518,3
50,2,518,11
50,3,518,7
50,4,518,9
50,5,518,9
50,6,518,12
50,7,518,11
50,8,518,5
50,9,518,10
50,10,518,5
50,11,518,8
50,12,518,7
50,13,518,4
50,14,518,9
50,15,518,10
50,16,519,14
50,17,519,8
50,18,519,8
50,19,519,9
50,20,519,6
50,21,519,6
50,22,519,12
50,23,519,6
50,24,519,6
50,25,519,4
50,26,519,10
50,27,519,10
50,28,519,8
50,29,519,8
50,30,519,9
50,31,519,5
50,32,519,6
50,33,519,7
50,34,519,5
50,35,519,6
50,36,520,15
50,37,520,13
50,38,520,13
50,39,520,12
50,40,520,5
50,41,520,7
50,42,520,7
50,43,520,6
50,44,520,9
50,45,520,13
51,1,520,2
51,2,520,2
51,3,520,2
51,4,520,2
51,5,520,3
51,6,520,3
51,7,521,3
51,8,521,4
51,9,521,4
51,10,521,2
51,11,521,5
51,12,521,4
51,13,521,5
51,14,521,7
51,15,521,5
51,16,521,9
51,17,521,6
51,18,521,3
51,19,521,5
51,20,521,4
51,21,521,4
51,22,521,5
51,23,521,9
51,24,521,6
51,25,521,9
51,26,521,6
51,27,521,5
51,28,521,9
51,29,521,9
51,30,521,8
51,31,522,5
51,32,522,6
51,33,522,5
51,34,522,4
51,35,522,6
51,36,522,7
51,37,522,7
51,38,522,8
51,39,522,6
51,40,522,7
51,41,522,7
51,42,522,9
51,43,522,8
51,44,522,8
51,45,522,7
51,46,522,8
51,47,522,5
51,48,522,4
51,49,522,7
51,50,522,8
51,51,522,11
51,52,523,13
51,53,523,6
51,54,523,5
51,55,523,5
51,56,523,6
51,57,523,9
51,58,523,7
51,59,523,9
51,60,523,7
52,1,523,1
52,2,523,2
52,3,523,3
52,4,523,2
52,5,523,2
52,6,523,2
52,7,523,4
52,8,523,4
52,9,523,4
52,10,523,3
52,11,523,3
52,12,523,5
52,13,523,6
52,14,523,6
52,15,524,6
52,16,524,12
52,17,524,5
52,18,524,8
52,19,524,6
52,20,524,7
52,21,524,19
52,22,524,5
52,23,524,8
52,24,524,7
52,25,524,5
52,26,524,7
52,27,524,6
52,28,524,9
52,29,524,8
52,30,524,7
52,31,524,6
52,32,525,8
52,33,525,6
52,34,525,6
52,35,525,8
52,36,525,7
52,37,525,7
52,38,525,9
52,39,525,5
52,40,525,7
52,41,525,5
52,42,525,7
52,43,525,9
52,44,525,9
52,45,525,7
52,46,525,9
52,47,525,10
52,48,525,10
52,49,525,5
53,1,526,3
53,2,526,5
53,3,526,4
53,4,526,5
53,5,526,3
53,6,526,3
53,7,526,3
53,8,526,3
53,9,526,5
53,10,526,5
53,11,526,5
53,12,526,4
53,13,526,4
53,14,526,3
53,15,526,3
53,16,526,5
53,17,526,5
53,18,526,6
53,19,526,3
53,20,526,3
53,21,526,4
53,22,526,4
53,23,526,25
53,24,526,4
53,25,526,3
53,26,526,18
53,27,527,9
53,28,527,16
53,29,527,11
53,30,527,16
53,31,527,16
53,32,527,31
53,33,527,3
53,34,527,3
53,35,527,5
53,36,527,7
53,37,527,3
53,38,527,5
53,39,527,6
53,40,527,4
53,41,527,4
53,42,527,4
53,43,527,4
53,44,527,4
53,45,528,5
53,46,528,4
53,47,528,4
53,48,528,4
53,49,528,4
53,50,528,4
53,51,528,3
53,52,528,9
53,53,528,2
53,54,528,3
53,55,528,4
53,56,528,5
53,57,528,2
53,58,528,6
53,59,528,4
53,60,528,3
53,61,528,2
53,62,528,3
54,1,528,4
54,2,528,7
54,3,528,6
54,4,528,7
54,5,528,5
54,6,528,8
54,7,529,8
54,8,529,8
54,9,529,9
54,10,529,5
54,11,529,5
54,12,529,9
54,13,529,5
54,14,529,6
54,15,529,6
54,16,529,4
54,17,529,7
54,18,529,6
54,19,529,9
54,20,529,6
54,21,529,4
54,22,529,7
54,23,529,3
54,24,529,10
54,25,529,9
54,26,529,5
54,27,529,7
54,28,530,8
54,29,530,4
54,30,530,4
54,31,530,8
54,32,530,7
54,33,530,4
54,34,530,9
54,35,530,7
54,36,530,5
54,37,530,9
54,38,530,5
54,39,530,3
54,40,530,7
54,41,530,5
54,42,530,7
54,43,530,9
54,44,530,5
54,45,530,4
54,46,530,6
54,47,530,5
54,48,530,9
54,49,530,5
54,50,531,6
54,51,531,6
54,52,531,5
54,53,531,4
54,54,531,5
54,55,531,6
55,1,531,1
55,2,531,2
55,3,531,2
55,4,531,2
55,5,531,3
55,6,531,3
55,7,531,4
55,8,531,4
55,9,531,6
55,10,531,3
55,11,531,5
55,12,531,4
55,13,531,4
55,14,531,5
55,15,531,6
55,16,531,4
55,17,532,4
55,18,532,4
55,19,532,3
55,20,532,4
55,21,532,4
55,22,532,4
55,23,532,4
55,24,532,6
55,25,532,4
55,26,532,4
55,27,532,6
55,28,532,4
55,29,532,10
55,30,532,4
55,31,532,4
55,32,532,4
55,33,532,16
55,34,532,4
55,35,532,8
55,36,532,4
55,37,532,6
55,38,532,4
55,39,532,8
55,40,532,4
55,41,533,6
55,42,533,4
55,43,533,6
55,44,533,5
55,45,533,4
55,46,533,5
55,47,533,4
55,48,533,2
55,49,533,4
55,50,533,3
55,51,533,4
55,52,533,5
55,53,533,4
55,54,533,9
55,55,533,4
55,56,533,9
55,57,533,4
55,58,533,3
55,59,533,4
55,60,533,5
55,61,533,4
55,62,533,3
55,63,533,4
55,64,533,1
55,65,533,4
55,66,533,3
55,67,533,4
55,68,534,4
55,69,534,4
55,70,534,3
55,71,534,4
55,72,534,4
55,73,534,4
55,74,534,6
55,75,534,4
55,76,534,6
55,77,534,4
55,78,534,6
56,1,534,3
56,2,534,3
56,3,534,2
56,4,534,4
56,5,534,3
56,6,534,3
56,7,534,3
56,8,534,5
56,9,534,5
56,10,534,2
56,11,534,2
56,12,534,3
56,13,534,3
56,14,534,3
56,15,534,3
56,16,534,3
56,17,535,4
56,18,535,5
56,19,535,5
56,20,535,3
56,21,535,4
56,22,535,2
56,23,535,3
56,24,535,4
56,25,535,6
56,26,535,4
56,27,535,5
56,28,535,3
56,29,535,2
56,30,535,2
56,31,535,2
56,32,535,2
56,33,535,4
56,34,535,2
56,35,535,3
56,36,535,2
56,37,535,2
56,38,535,2
56,39,535,3
56,40,535,3
56,41,535,5
56,42,535,3
56,43,535,3
56,44,535,4
56,45,535,5
56,46,535,5
56,47,535,9
56,48,535,2
56,49,535,4
56,50,535,5
56,51,536,5
56,52,536,5
56,53,536,3
56,54,536,4
56,55,536,3
56,56,536,4
56,57,536,4
56,58,536,3
56,59,536,5
56,60,536,7
56,61,536,9
56,62,536,6
56,63,536,3
56,64,536,5
56,65,536,6
56,66,536,2
56,67,536,3
56,68,536,4
56,69,536,7
56,70,536,6
56,71,536,4
56,72,536,6
56,73,536,5
56,74,536,4
56,75,536,4
56,76,536,5
56,77,537,3
56,78,537,3
56,79,537,4
56,80,537,4
56,81,537,4
56,82,537,4
56,83,537,4
56,84,537,3
56,85,537,7
56,86,537,5
56,87,537,4
56,88,537,5
56,89,537,4
56,90,537,6
56,91,537,5
56,92,537,6
56,93,537,3
56,94,537,2
56,95,537,5
56,96,537,4
57,1,537,9
57,2,537,11
57,3,537,9
57,4,538,36
57,5,538,8
57,6,538,12
57,7,538,15
57,8,538,15
57,9,538,17
57,10,538,37
57,11,538,12
57,12,539,22
57,13,539,27
57,14,539,20
57,15,539,15
57,16,539,28
57,17,539,13
57,18,539,12
57,19,540,20
57,20,540,39
57,21,540,25
57,22,540,21
57,23,540,15
57,24,540,12
57,25,541,28
57,26,541,14
57,27,541,39
57,28,541,21
57,29,541,22
58,1,542,18
58,2,542,23
58,3,542,21
58,4,542,26
58,5,542,18
58,6,542,15
58,7,543,47
58,8,543,38
58,9,543,19
58,10,543,17
58,11,543,30
58,12,544,22
58,13,544,24
58,14,544,19
58,15,544,10
58,16,544,10
58,17,544,15
58,18,544,17
58,19,544,15
58,20,544,8
58,21,544,9
58,22,545,51
59,1,545,11
59,2,545,40
59,3,545,14
59,4,546,12
59,5,546,13
59,6,546,25
59,7,546,37
59,8,546,18
59,9,546,31
59,10,547,23
59,11,547,28
59,12,547,16
59,13,547,12
59,14,547,23
59,15,547,11
59,16,547,17
59,17,548,10
59,18,548,17
59,19,548,10
59,20,548,10
59,21,548,18
59,22,548,13
59,23,548,19
59,24,548,17
60,1,549,48
60,2,549,13
60,3,549,13
60,4,549,52
60,5,549,13
60,6,550,19
60,7,550,15
60,8,550,21
60,9,550,21
60,10,550,55
60,11,550,21
60,12,551,38
60,13,551,19
61,1,551,11
61,2,551,8
61,3,551,9
61,4,551,11
61,5,551,23
61,6,552,31
61,7,552,16
61,8,552,11
61,9,552,14
61,10,552,11
61,11,552,15
61,12,552,17
61,13,552,9
61,14,552,35
62,1,553,12
62,2,553,21
62,3,553,8
62,4,553,10
62,5,553,23
62,6,553,17
62,7,553,9
62,8,553,18
62,9,554,21
62,10,554,15
62,11,554,21
63,1,554,17
63,2,554,12
63,3,554,11
63,4,554,22
63,5,555,14
63,6,555,18
63,7,555,20
63,8,555,17
63,9,555,17
63,10,555,21
63,11,555,11
64,1,556,17
64,2,556,11
64,3,556,9
64,4,556,14
64,5,556,13
64,6,556,16
64,7,556,18
64,8,556,10
64,9,556,27
64,10,557,11
64,11,557,16
64,12,557,11
64,13,557,9
64,14,557,18
64,15,557,8
64,16,557,16
64,17,557,12
64,18,557,5
65,1,558,41
65,2,558,30
65,3,558,21
65,4,558,28
65,5,558,14
65,6,559,32
65,7,559,25
65,8,559,14
65,9,559,7
65,10,559,16
65,11,559,34
65,12,559,25
66,1,560,14
66,2,560,11
66,3,560,29
66,4,560,21
66,5,560,17
66,6,560,22
66,7,560,11
66,8,561,45
66,9,561,11
66,10,561,27
66,11,561,24
66,12,561,17
67,1,562,9
67,2,562,11
67,3,562,18
67,4,562,10
67,5,562,12
67,6,562,7
67,7,562,8
67,8,562,13
67,9,562,18
67,10,562,11
67,11,562,5
67,12,562,9
67,13,563,9
67,14,563,7
67,15,563,14
67,16,563,11
67,17,563,12
67,18,563,8
67,19,563,15
67,20,563,15
67,21,563,12
67,22,563,12
67,23,563,12
67,24,563,8
67,25,563,7
67,26,563,9
67,27,564,13
67,28,564,15
67,29,564,13
67,30,564,10
68,1,564,4
68,2,564,5
68,3,564,5
68,4,564,4
68,5,564,2
68,6,564,2
68,7,564,11
68,8,564,3
68,9,564,4
68,10,564,5
68,11,564,3
68,12,564,4
68,13,564,4
68,14,564,5
68,15,564,7
68,16,565,3
68,17,565,10
68,18,565,2
68,19,565,7
68,20,565,2
68,21,565,2
68,22,565,7
68,23,565,3
68,24,565,6
68,25,565,4
68,26,565,5
68,27,565,3
68,28,565,7
68,29,565,6
68,30,565,5
68,31,565,5
68,32,565,10
68,33,565,8
68,34,565,6
68,35,565,3
68,36,565,4
68,37,565,5
68,38,565,5
68,39,565,12
68,40,565,4
68,41,565,8
68,42,565,9
68,43,566,11
68,44,566,10
68,45,566,5
68,46,566,7
68,47,566,5
68,48,566,11
68,49,566,10
68,50,566,5
68,51,566,12
68,52,566,5
69,1,566,1
69,2,566,2
69,3,566,4
69,4,566,4
69,5,566,4
69,6,566,6
69,7,566,15
69,8,566,5
69,9,567,6
69,10,567,6
69,11,567,7
69,12,567,6
69,13,567,6
69,14,567,6
69,15,567,3
69,16,567,5
69,17,567,9
69,18,567,6
69,19,567,9
69,20,567,5
69,21,567,4
69,22,567,3
69,23,567,2
69,24,567,8
69,25,567,10
69,26,567,4
69,27,567,3
69,28,567,4
69,29,567,3
69,30,567,2
69,31,567,3
69,32,567,7
69,33,567,6
69,34,567,5
69,35,568,5
69,36,568,5
69,37,568,4
69,38,568,4
69,39,568,3
69,40,568,4
69,41,568,7
69,42,568,6
69,43,568,4
69,44,568,5
69,45,568,3
69,46,568,4
69,47,568,6
69,48,568,3
69,49,568,5
69,50,568,4
69,51,568,3
69,52,568,4
70,1,568,4
70,2,568,4
70,3,568,4
70,4,568,11
70,5,568,3
70,6,568,3
70,7,568,2
70,8,568,4
70,9,568,3
70,10,568,4
70,11,569,9
70,12,569,2
70,13,569,3
70,14,569,6
70,15,569,3
70,16,569,2
70,17,569,4
70,18,569,2
70,19,569,4
70,20,569,4
70,21,569,4
70,22,569,2
70,23,569,5
70,24,569,5
70,25,569,2
70,26,569,4
70,27,569,6
70,28,569,5
70,29,569,4
70,30,569,10
70,31,569,7
70,32,569,5
70,33,569,4
70,34,569,5
70,35,569,4
70,36,569,5
70,37,569,5
70,38,569,8
70,39,569,5
70,40,570,7
70,41,570,8
70,42,570,8
70,43,570,9
70,44,570,9
71,1,570,14
71,2,570,6
71,3,570,5
71,4,570,18
71,5,570,7
71,6,570,5
71,7,570,14
71,8,570,4
71,9,570,7
71,10,570,6
71,11,571,4
71,12,571,9
71,13,571,6
71,14,571,3
71,15,571,8
71,16,571,7
71,17,571,5
71,18,571,5
71,19,571,5
71,20,571,4
71,21,571,13
71,22,571,3
71,23,571,13
71,24,571,8
71,25,571,12
71,26,571,10
71,27,571,10
71,28,571,15
72,1,572,13
72,2,572,9
72,3,572,9
72,4,572,7
72,5,572,10
72,6,572,11
72,7,572,9
72,8,572,8
72,9,572,13
72,10,572,13
72,11,572,9
72,12,572,11
72,13,572,14
72,14,573,10
72,15,573,5
72,16,573,7
72,17,573,10
72,18,573,8
72,19,573,10
72,20,573,8
72,21,573,8
72,22,573,12
72,23,573,16
72,24,573,11
72,25,573,11
72,26,573,7
72,27,573,13
72,28,573,13
73,1,574,2
73,2,574,4
73,3,574,5
73,4,574,6
73,5,574,5
73,6,574,8
73,7,574,6
73,8,574,6
73,9,574,9
73,10,574,7
73,11,574,6
73,12,574,4
73,13,574,5
73,14,574,8
73,15,574,11
73,16,574,6
73,17,574,8
73,18,574,6
73,19,574,9
73,20,575,78
74,1,575,2
74,2,575,2
74,3,575,2
74,4,575,2
74,5,575,2
74,6,575,3
74,7,575,2
74,8,575,4
74,9,575,4
74,10,575,4
74,11,575,4
74,12,575,4
74,13,575,2
74,14,575,3
74,15,575,4
74,16,575,5
74,17,575,2
74,18,576,3
74,19,576,3
74,20,576,4
74,21,576,2
74,22,576,3
74,23,576,3
74,24,576,6
74,25,576,5
74,26,576,2
74,27,576,4
74,28,576,4
74,29,576,2
74,30,576,3
74,31,576,57
74,32,576,2
74,33,576,3
74,34,576,3
74,35,576,3
74,36,576,2
74,37,576,7
74,38,576,5
74,39,576,3
74,40,576,3
74,41,576,2
74,42,576,4
74,43,576,5
74,44,576,4
74,45,576,4
74,46,576,4
74,47,576,3
74,48,577,4
74,49,577,5
74,50,577,3
74,51,577,3
74,52,577,9
74,53,577,5
74,54,577,3
74,55,577,3
74,56,577,11
75,1,577,4
75,2,577,4
75,3,577,5
75,4,577,6
75,5,577,5
75,6,577,4
75,7,577,3
75,8,577,2
75,9,577,3
75,10,577,5
75,11,577,3
75,12,577,4
75,13,577,6
75,14,577,5
75,15,577,3
75,16,577,6
75,17,577,4
75,18,577,4
75,19,577,4
75,20,578,4
75,21,578,2
75,22,578,3
75,23,578,3
75,24,578,3
75,25,578,5
75,26,578,4
75,27,578,3
75,28,578,3
75,29,578,3
75,30,578,4
75,31,578,4
75,32,578,3
75,33,578,5
75,34,578,3
75,35,578,4
75,36,578,5
75,37,578,6
75,38,578,5
75,39,578,5
75,40,578,7
76,1,578,11
76,2,578,10
76,3,578,7
76,4,578,6
76,5,578,8
76,6,579,7
76,7,579,7
76,8,579,7
76,9,579,10
76,10,579,7
76,11,579,8
76,12,579,5
76,13,579,10
76,14,579,6
76,15,579,8
76,16,579,5
76,17,579,6
76,18,579,4
76,19,579,9
76,20,579,7
76,21,579,13
76,22,579,8
76,23,579,6
76,24,579,9
76,25,579,5
76,26,580,7
76,27,580,8
76,28,580,9
76,29,580,9
76,30,580,11
76,31,580,10
77,1,580,2
77,2,580,2
77,3,580,2
77,4,580,2
77,5,580,2
77,6,580,3
77,7,580,3
77,8,580,3
77,9,580,3
77,10,580,3
77,11,580,3
77,12,580,3
77,13,580,2
77,14,580,5
77,15,580,3
77,16,580,3
77,17,580,3
77,18,580,3
77,19,580,3
77,20,581,5
77,21,581,4
77,22,581,3
77,23,581,3
77,24,581,3
77,25,581,4
77,26,581,2
77,27,581,7
77,28,581,3
77,29,581,6
77,30,581,6
77,31,581,6
77,32,581,4
77,33,581,3
77,34,581,3
77,35,581,4
77,36,581,4
77,37,581,3
77,38,581,5
77,39,581,5
77,40,581,3
77,41,581,5
77,42,581,3
77,43,581,6
77,44,581,4
77,45,581,3
77,46,581,5
77,47,581,3
77,48,581,6
77,49,581,3
77,50,581,4
78,1,582,2
78,2,582,3
78,3,582,4
78,4,582,2
78,5,582,3
78,6,582,4
78,7,582,2
78,8,582,2
78,9,582,3
78,10,582,3
78,11,582,3
78,12,582,4
78,13,582,3
78,14,582,5
78,15,582,4
78,16,582,2
78,17,582,5
78,18,582,6
78,19,582,4
78,20,582,4
78,21,582,4
78,22,582,2
78,23,582,3
78,24,582,6
78,25,582,3
78,26,582,2
78,27,582,5
78,28,582,3
78,29,582,4
78,30,582,5
78,31,583,3
78,32,583,2
78,33,583,2
78,34,583,2
78,35,583,6
78,36,583,5
78,37,583,10
78,38,583,14
78,39,583,9
78,40,583,15
79,1,583,2
79,2,583,2
79,3,583,2
79,4,583,2
79,5,583,2
79,6,583,3
79,7,583,2
79,8,583,3
79,9,583,2
79,10,583,5
79,11,583,4
79,12,583,5
79,13,583,4
79,14,583,3
79,15,583,4
79,16,584,6
79,17,584,5
79,18,584,6
79,19,584,4
79,20,584,3
79,21,584,2
79,22,584,3
79,23,584,2
79,24,584,4
79,25,584,5
79,26,584,6
79,27,584,6
79,28,584,3
79,29,584,4
79,30,584,4
79,31,584,4
79,32,584,2
79,33,584,3
79,34,584,4
79,35,584,5
79,36,584,4
79,37,584,3
79,38,584,3
79,39,584,4
79,40,584,9
79,41,584,4
79,42,584,5
79,43,584,4
79,44,584,3
79,45,584,5
79,46,584,9
80,1,585,2
80,2,585,3
80,3,585,4
80,4,585,4
80,5,585,3
80,6,585,3
80,7,585,4
80,8,585,4
80,9,585,2
80,10,585,3
80,11,585,3
80,12,585,3
80,13,585,3
80,14,585,2
80,15,585,2
80,16,585,2
80,17,585,4
80,18,585,4
80,19,585,4
80,20,585,3
80,21,585,3
80,22,585,4
80,23,585,5
80,24,585,4
80,25,585,4
80,26,585,4
80,27,585,3
80,28,585,2
80,29,585,2
80,30,585,2
80,31,585,2
80,32,585,3
80,33,585,3
80,34,585,5
80,35,585,2
80,36,585,2
80,37,585,6
80,38,585,3
80,39,585,2
80,40,585,4
80,41,585,2
80,42,585,4
81,1,586,3
81,2,586,3
81,3,586,3
81,4,586,3
81,5,586,3
81,6,586,3
81,7,586,3
81,8,586,3
81,9,586,3
81,10,586,3
81,11,586,3
81,12,586,3
81,13,586,3
81,14,586,4
81,15,586,3
81,16,586,2
81,17,586,3
81,18,586,3
81,19,586,4
81,20,586,6
81,21,586,3
81,22,586,3
81,23,586,4
81,24,586,5
81,25,586,5
81,26,586,2
81,27,586,5
81,28,586,5
81,29,586,8
82,1,587,3
82,2,587,3
82,3,587,3
82,4,587,3
82,5,587,5
82,6,587,6
82,7,587,4
82,8,587,6
82,9,587,4
82,10,587,3
82,11,587,2
82,12,587,3
82,13,587,4
82,14,587,4
82,15,587,3
82,16,587,4
82,17,587,5
82,18,587,6
82,19,587,9
83,1,587,2
83,2,587,6
83,3,587,5
83,4,587,5
83,5,587,2
83,6,587,5
83,7,588,6
83,8,588,4
83,9,588,2
83,10,588,3
83,11,588,4
83,12,588,7
83,13,588,7
83,14,588,8
83,15,588,6
83,16,588,4
83,17,588,7
83,18,588,6
83,19,588,4
83,20,588,2
83,21,588,2
83,22,588,4
83,23,588,3
83,24,588,5
83,25,588,4
83,26,588,6
83,27,588,3
83,28,588,4
83,29,588,8
83,30,588,4
83,31,588,6
83,32,588,6
83,33,588,4
83,34,588,6
83,35,589,3
83,36,589,6
84,1,589,3
84,2,589,3
84,3,589,3
84,4,589,4
84,5,589,3
84,6,589,8
84,7,589,5
84,8,589,4
84,9,589,4
84,10,589,6
84,11,589,3
84,12,589,2
84,13,589,5
84,14,589,5
84,15,589,6
84,16,589,3
84,17,589,3
84,18,589,3
84,19,589,4
84,20,589,4
84,21,589,6
84,22,589,4
84,23,589,4
84,24,589,3
84,25,589,9
85,1,590,3
85,2,590,2
85,3,590,2
85,4,590,3
85,5,590,3
85,6,590,4
85,7,590,6
85,8,590,9
85,9,590,10
85,10,590,14
85,11,590,14
85,12,590,4
85,13,590,4
85,14,590,3
85,15,590,3
85,16,590,3
85,17,590,4
85,18,590,2
85,19,590,5
85,20,590,4
85,21,590,4
85,22,590,3
86,1,591,2
86,2,591,4
86,3,591,2
86,4,591,6
86,5,591,4
86,6,591,4
86,7,591,5
86,8,591,4
86,9,591,3
86,10,591,6
86,11,591,3
86,12,591,3
86,13,591,3
86,14,591,3
86,15,591,3
86,16,591,2
86,17,591,4
87,1,591,4
87,2,591,3
87,3,591,3
87,4,591,3
87,5,591,3
87,6,591,3
87,7,591,9
87,8,591,2
87,9,591,4
87,10,591,3
87,11,591,2
87,12,591,4
87,13,591,6
87,14,591,4
87,15,591,4
87,16,592,4
87,17,592,3
87,18,592,5
87,19,592,3
88,1,592,4
88,2,592,3
88,3,592,2
88,4,592,3
88,5,592,4
88,6,592,6
88,7,592,6
88,8,592,3
88,9,592,2
88,10,592,3
88,11,592,4
88,12,592,3
88,13,592,3
88,14,592,2
88,15,592,2
88,16,592,2
88,17,592,6
88,18,592,4
88,19,592,4
88,20,592,4
88,21,592,4
88,22,592,3
88,23,592,4
88,24,592,4
88,25,592,3
88,26,592,4
89,1,593,1
89,2,593,2
89,3,593,2
89,4,593,3
89,5,593,6
89,6,593,6
89,7,593,3
89,8,593,6
89,9,593,5
89,10,593,3
89,11,593,4
89,12,593,3
89,13,593,5
89,14,593,3
89,15,593,11
89,16,593,10
89,17,593,5
89,18,593,5
89,19,593,4
89,20,593,4
89,21,593,6
89,22,593,5
89,23,593,9
89,24,594,4
89,25,594,5
89,26,594,4
89,27,594,3
89,28,594,5
89,29,594,3
89,30,594,2
90,1,594,4
90,2,594,4
90,3,594,3
90,4,594,5
90,5,594,6
90,6,594,4
90,7,594,5
90,8,594,4
90,9,594,2
90,10,594,2
90,11,594,3
90,12,594,4
90,13,594,2
90,14,594,6
90,15,594,3
90,16,594,4
90,17,594,9
90,18,594,3
90,19,594,6
90,20,594,3
91,1,595,2
91,2,595,3
91,3,595,3
91,4,595,3
91,5,595,3
91,6,595,3
91,7,595,3
91,8,595,3
91,9,595,4
91,10,595,4
91,11,595,3
91,12,595,3
91,13,595,7
91,14,595,7
91,15,595,3
92,1,595,3
92,2,595,3
92,3,595,4
92,4,595,3
92,5,595,4
92,6,595,2
92,7,595,2
92,8,595,4
92,9,595,2
92,10,595,2
92,11,595,6
92,12,595,3
92,13,595,4
92,14,595,3
92,15,596,4
92,16,596,3
92,17,596,2
92,18,596,4
92,19,596,6
92,20,596,5
92,21,596,2
93,1,596,1
93,2,596,3
93,3,596,5
93,4,596,5
93,5,596,4
93,6,596,4
93,7,596,3
93,8,596,3
93,9,596,4
93,10,596,4
93,11,596,4
94,1,596,4
94,2,596,3
94,3,596,3
94,4,596,3
94,5,596,4
94,6,596,4
94,7,596,3
94,8,596,3
95,1,597,2
95,2,597,2
95,3,597,3
95,4,597,6
95,5,597,4
95,6,597,9
95,7,597,4
95,8,597,4
96,1,597,5
96,2,597,4
96,3,597,3
96,4,597,3
96,5,597,5
96,6,597,4
96,7,597,3
96,8,597,4
96,9,597,3
96,10,597,3
96,11,597,5
96,12,597,3
96,13,597,4
96,14,597,5
96,15,597,6
96,16,597,3
96,17,597,2
96,18,597,2
96,19,597,5
97,1,598,5
97,2,598,5
97,3,598,6
97,4,598,9
97,5,598,5
98,1,598,12
98,2,598,6
98,3,598,3
98,4,598,11
98,5,598,16
98,6,598,16
98,7,598,9
98,8,599,21
99,1,599,4
99,2,599,3
99,3,599,4
99,4,599,3
99,5,599,4
99,6,599,6
99,7,599,6
99,8,599,6
100,1,599,2
100,2,599,2
100,3,599,2
100,4,599,3
100,5,599,3
100,6,599,4
100,7,599,4
100,8,599,4
100,9,599,7
100,10,600,4
100,11,600,5
101,1,600,1
101,2,600,2
101,3,600,4
101,4,600,5
101,5,600,4
101,6,600,4
101,7,600,4
101,8,600,4
101,9,600,2
101,10,600,4
101,11,600,2
102,1,600,2
102,2,600,3
102,3,600,3
102,4,600,4
102,5,600,5
102,6,600,2
102,7,600,4
102,8,600,5
103,1,601,1
103,2,601,4
103,3,601,9
104,1,601,4
104,2,601,4
104,3,601,4
104,4,601,4
104,5,601,4
104,6,601,3
104,7,601,4
104,8,601,3
104,9,601,3
105,1,601,7
105,2,601,5
105,3,601,4
105,4,601,4
105,5,601,3
106,1,602,2
106,2,602,4
106,3,602,4
106,4,602,7
107,1,602,4
107,2,602,4
107,3,602,5
107,4,602,2
107,5,602,5
107,6,602,3
107,7,602,2
108,1,602,3
108,2,602,3
108,3,602,4
109,1,603,3
109,2,603,4
109,3,603,5
109,4,603,5
109,5,603,5
109,6,603,4
110,1,603,5
110,2,603,7
110,3,603,7
111,1,603,5
111,2,603,6
111,3,603,4
111,4,603,3
111,5,603,5
112,1,604,4
112,2,604,2
112,3,604,4
112,4,604,5
113,1,604,4
113,2,604,4
113,3,604,5
113,4,604,5
113,5,604,5
114,1,604,4
114,2,604,2
114,3,604,2
114,4,604,4
114,5,604,5
114,6,604,3
